A1: Ladder,A2: PTREseq_DNA_UTR,B2: PTREseq_RNA_UTR,C2: ABAB_DNA_UTR,D2: ABAB_RNA_UTR,E2: PTREseq_DNA_FULL,F2: PTREseq_RNA_FULL,G2: ABAB_DNA_FULL,H2: ABAB_RNA_FULL
0.8875883,0.6170356,0.4856038,3.398712,0.280242,0.6877387,0.3729863,1.942869,1.250058
0.6433617,0.7140844,0.474379,4.959567,0.4218695,0.4686808,0.4261015,1.970419,0.98556
0.5323922,0.7782423,0.64955,6.614093,0.4747525,0.3957912,0.2266968,2.110137,0.7574382
0.623328,0.8792427,0.7914659,8.855021,0.7174581,0.4300167,0.06259317,2.169157,0.7470165
0.6224503,0.9578846,0.730297,10.27778,0.8490771,0.5855228,0.1849034,2.187616,0.9147326
0.7342597,0.9289256,0.6363304,9.736826,0.9442884,0.7161362,0.4805999,2.259098,1.022017
0.7993698,0.8019094,0.3915617,9.132478,1.004636,0.6888824,0.450523,2.01027,1.136152
0.7852998,0.8659412,0.1551271,8.598716,0.8465876,0.6866692,0.492036,1.591298,1.254452
0.5581467,0.7519913,0.1202517,10.3907,0.850896,0.4982935,0.4048241,1.51152,1.168199
0.221692,0.8014263,0.1118891,11.39247,0.7661848,0.3802176,0.4151886,1.756632,1.020597
0.06115067,0.8730694,0.1476047,14.20646,0.9021054,0.3762946,0.4028293,1.832855,0.9444289
0.2553523,1.167251,0.2678389,14.05863,0.9263861,0.390764,0.4621859,1.861995,0.9962433
0.7220538,1.342754,0.3621905,11.62976,0.9383922,0.426584,0.3920603,1.974052,0.9879666
1.269505,1.507454,0.5000114,10.07504,0.9849573,0.4540859,0.437379,1.954789,0.9939616
1.518002,1.330223,0.5236186,7.508581,0.8494306,0.5283088,0.3129459,1.713976,0.9371038
1.438433,0.9514647,0.514784,6.072154,0.6268391,0.5451186,0.3006316,1.839103,0.8452869
1.00687,0.9455641,0.5798914,6.018327,0.4967988,0.5117903,0.2894129,2.092564,0.7329531
0.5236675,0.8730187,0.426052,8.100122,0.3683019,0.515723,0.3927662,2.139453,0.6071354
7.799896E-05,0.8939,0.4876713,8.026811,0.263178,0.5397488,0.3103503,2.285257,0.4897393
0.08889092,1.144756,0.4926481,7.856888,0.3478126,0.4447851,0.09115881,2.281951,0.4207437
0.2109042,1.08578,0.5774944,8.434076,0.5374001,0.4301289,0.03924857,2.346175,0.2820386
0.4685048,0.8757116,0.4504578,8.389265,0.5777882,0.3711506,0.04075238,2.154911,0.2054106
0.4998831,0.5858542,0.2504802,8.738303,0.7769032,0.3624499,0.07269592,2.009022,0.1284436
0.520717,0.5292031,0.3255924,10.49082,0.7756757,0.408033,0.1089522,1.949434,0.1947274
0.3971337,0.7621949,0.3370866,9.67625,0.6640016,0.4370306,0.1256104,2.036074,0.2990151
0.1454251,0.998118,0.2624909,9.77349,0.4836863,0.6683999,0.1440665,2.22861,0.3883175
0.04386764,1.175932,0.3966686,7.79916,0.4858404,0.8194007,0.09768565,2.353471,0.4892823
0.3304342,1.243573,0.7614499,7.346789,0.4696833,0.8936654,0.02327636,2.272865,0.5646899
0.5185193,1.147659,0.7475433,7.451557,0.5156164,0.7067125,0.1768794,2.088785,0.4547176
0.5871343,0.9534495,0.6959638,8.207644,0.7597018,0.4879334,0.2627088,1.979932,0.2577924
0.4507962,1.016935,0.9058549,10.73572,0.8082457,0.308015,0.3035989,1.966775,0.2550323
0.1841607,1.169008,1.02933,7.839926,0.6882185,0.2729956,0.3334571,2.106727,0.1513789
0.02144131,1.322331,0.7791978,8.592865,0.5719032,0.431602,0.2978595,2.218626,0.08360326
0.03203346,1.413125,0.7568793,8.838125,0.4976098,0.6153222,0.2685185,2.118416,0.0005342013
0.2315999,1.702107,0.8171668,9.995349,0.3061062,0.7822964,0.2672938,2.019967,0.09220111
0.415507,1.68079,0.7586375,9.024518,0.4054359,1.000053,0.2347491,2.110318,0.07540219
0.6027632,1.4577,0.6770097,9.219263,0.6428075,1.086313,0.226551,2.289227,0.1015328
0.6530924,1.459787,0.8623044,10.80624,0.6867681,1.109815,0.2849511,2.497488,0.0930737
0.6286794,1.35868,1.023476,7.771149,0.5615764,1.162543,0.3684204,2.71166,0.2104688
0.4069325,1.364628,0.9344594,7.612415,0.5767304,1.25133,0.3305405,2.41846,0.2410568
0.3363384,1.453462,0.9983252,9.801292,0.6210543,1.276645,0.1300902,1.939503,0.353607
0.2218199,1.56235,1.031853,11.54402,0.4912359,1.348446,0.2845261,1.645456,0.5041299
0.1087841,1.782519,1.067526,10.76656,0.5522376,1.539215,0.2382349,1.558535,0.5666574
0.06446581,1.660244,1.078633,10.81624,0.6195644,1.349845,0.5196286,1.737512,0.659956
0.254569,1.615593,1.093536,9.907745,0.7571083,1.146015,0.8644502,1.652969,0.6437409
0.2409772,1.625616,1.125385,7.472053,0.7680176,0.9953723,1.008926,1.86881,0.5713131
0.2580593,1.556215,1.299594,6.42984,0.9951559,0.9600139,0.9715837,2.140345,0.5825855
0.1364902,1.302983,1.587966,8.694147,1.403158,1.010966,0.6769438,2.248208,0.6945562
0.1871909,1.224532,1.678071,9.383161,1.675833,1.051394,0.5130978,2.440475,0.8483079
0.3363547,1.688731,1.645037,8.91545,1.802225,1.282801,0.3856356,2.535016,0.8667957
0.4327296,2.009048,1.616174,8.106667,1.763437,1.401642,0.5440323,2.609947,1.087718
0.417479,2.246083,1.45447,6.796561,1.850014,1.572121,0.7873666,2.42644,1.249642
0.1838488,2.327702,1.467711,6.539146,1.663163,1.905788,0.9341048,2.489694,1.52048
0.2255879,2.181821,1.649467,8.101165,1.648036,2.324471,1.195702,2.507962,1.515264
0.09270646,1.935389,2.142131,9.749969,1.727885,2.437037,1.429759,2.668069,1.609335
0,1.972304,2.49701,13.83253,2.036321,2.479439,1.802659,2.728401,1.92045
0,2.261564,2.607135,17.66253,2.416857,2.540946,2.25319,3.067682,2.248961
0,2.445839,2.617364,18.64504,2.728107,2.587269,2.580981,3.234151,2.520214
0.01838686,2.621016,2.655941,18.61019,3.043369,2.549266,2.781593,3.300222,2.508372
0.01186249,2.574964,2.593325,18.24496,2.935683,2.763562,2.647296,3.672907,2.6468
0,2.375249,2.780744,17.72597,2.970061,3.116362,2.635392,3.759081,2.64408
0,2.585231,3.18829,14.96863,3.044595,3.31834,2.992019,3.955117,2.761302
0,2.764989,3.786084,17.05896,3.163411,3.540099,3.33424,4.367977,2.915293
0,3.189455,4.063802,17.85963,3.381976,3.918529,3.924501,4.645582,3.631372
0,3.55098,4.46964,18.54613,3.548491,4.463049,4.399675,4.992382,4.321177
0,3.990536,5.025869,20.40875,3.802692,4.905169,4.673104,5.356503,5.062681
0,5.035211,5.120957,23.5734,4.320352,5.42047,5.004158,5.419859,5.571877
0,5.50106,5.193959,27.12948,4.919999,6.017798,5.231542,5.546494,6.313734
0,6.144827,5.561525,28.90872,5.673049,6.453129,6.235485,5.96106,6.776872
0,6.560387,6.235224,32.97761,6.42274,6.986297,7.194312,6.653586,7.251668
0,7.021551,7.170519,37.14088,7.046217,7.848043,8.071526,7.280692,8.021533
0,7.017232,8.480809,40.61934,7.668004,8.824472,9.108852,8.060457,9.074821
0.01105626,7.079985,10.11439,45.03885,8.531044,10.02515,9.85257,9.347713,10.46776
1.122676,7.919662,11.58775,51.61775,9.641356,11.59275,10.97793,10.31323,11.85177
2.258439,9.134668,12.89381,58.99339,11.10324,13.64959,12.39378,11.70173,13.54757
3.769506,11.04216,14.53853,67.74241,12.83786,16.25902,14.68536,13.37872,15.8075
5.407392,13.14823,16.84105,78.6724,15.30718,19.4031,17.59937,15.41331,18.14954
7.397263,15.96508,20.04275,94.10217,18.29328,23.46179,20.89081,18.01722,21.49024
10.27335,18.49847,24.00831,112.4798,22.16387,28.36215,24.88559,21.25486,25.29913
13.4751,22.35189,28.94352,134.415,27.2056,34.35318,30.53031,25.61662,30.42562
17.71925,27.31817,35.78357,162.3837,33.22434,41.51128,37.09188,30.76055,36.73467
23.21367,33.85228,43.51908,198.0409,41.02076,50.25841,45.07631,37.18503,44.49552
30.09028,41.82123,53.32364,245.2702,50.13503,61.53942,55.39841,44.53726,54.36236
38.56758,51.6203,65.87361,299.1343,61.21114,74.66651,67.47286,53.81091,66.56265
49.15787,64.006,80.68797,365.2821,75.37854,90.94872,82.30772,64.90756,80.61983
63.7197,80.28493,98.9761,461.1316,92.75937,111.0651,101.0532,79.0685,97.44414
81.55048,101.2141,121.0343,580.5848,113.8414,135.0101,124.4906,98.06067,118.2458
104.8772,127.168,147.7689,727.9298,139.255,163.3442,152.0437,120.9259,144.2076
133.2149,156.2874,178.9865,922.4402,168.4551,196.8683,187.6691,149.4985,174.4795
168.8747,191.4157,215.4674,1149.146,204.3763,235.5426,229.5972,184.6219,209.5646
211.5438,233.0546,258.0465,1421.941,244.5256,281.8322,279.5804,225.5307,252.3254
263.2608,281.1278,308.6091,1750.955,292.4968,334.9751,335.2198,272.3293,302.406
325.84,338.8731,366.7628,2128.535,348.5673,395.8731,401.6713,328.5599,359.238
400.5042,406.0033,433.4054,2581.274,415.1706,466.4777,477.9684,389.3716,423.6205
482.0967,481.334,511.5864,3106.626,490.1242,546.8718,559.0008,457.1307,497.0146
573.3873,566.4039,593.145,3702.191,572.676,633.5203,652.7847,538.6945,577.1368
676.4313,659.5219,679.0238,4367.516,662.9225,726.9538,757.2145,629.1738,662.8688
795.4302,761.6009,768.4466,5111.263,759.3558,825.3528,871.0353,728.008,753.2303
922.7828,869.6713,863.6077,5936.662,860.9148,925.5411,990.6487,830.4091,847.6821
1059.231,979.7539,963.0161,6732.049,966.9705,1027.089,1118.728,937.9528,941.3734
1196.162,1091.152,1065.754,7573.532,1069.447,1125.5,1244.583,1046.976,1032.484
1329.471,1198.797,1166.866,8406.958,1168.9,1218.239,1360.613,1156.55,1120.869
1452.83,1302.615,1259.071,9213.488,1260.038,1299.298,1470.049,1267.731,1202.381
1565.428,1395.411,1339.758,9964.216,1339.824,1366.708,1568.235,1371.632,1270.737
1663.921,1474.674,1407.659,10667.3,1410.052,1423.606,1652.142,1458.426,1328.779
1746.658,1539.615,1465.613,11233.87,1467.492,1465.901,1718.818,1529.034,1372.057
1791.792,1582.479,1503.211,11595.13,1511.818,1500.136,1759.615,1572.484,1403.693
1817.012,1611.896,1527.325,11839.58,1537.065,1512.719,1781.522,1601.017,1421.528
1821.082,1619.147,1531.515,11933.16,1547.626,1512.207,1780.504,1611.497,1424.719
1802.386,1610.955,1520.587,11879.02,1545.633,1497.424,1760.569,1604.08,1414.659
1764.096,1585.861,1497.148,11681.43,1524.373,1462.165,1723.202,1574.637,1391.886
1709.047,1541.899,1456.024,11364.77,1489.729,1415.597,1667.788,1524.434,1350.041
1631.776,1480.379,1404.348,10910.38,1438.752,1356.949,1596.147,1459.48,1301.176
1531.672,1407.726,1334.278,10383.66,1373.799,1287.369,1508.933,1373.914,1243.025
1411.779,1322.461,1256.465,9755.812,1298.24,1203.677,1408.642,1281.127,1171.998
1286.658,1230.709,1171.582,9107.313,1211.375,1116.943,1301.611,1187.791,1094.325
1163.723,1133.382,1085.98,8367.377,1125.567,1027.022,1187.523,1084.377,1009.711
1042.021,1038.604,998.2364,7600.024,1034.113,936.5536,1072.783,979.7672,918.0061
929.2792,941.1944,909.6581,6789.435,941.5108,846.0645,956.9871,872.8401,825.2923
819.8005,843.8868,821.8757,6002.095,848.0049,758.0274,841.5781,767.6202,733.8065
718.7867,750.8187,732.8653,5255.824,758.8362,671.4539,738.5259,667.8104,647.5391
624.8646,658.3912,648.5653,4570.001,672.6402,589.1538,640.124,577.2696,566.2831
538.1439,574.3564,570.2441,3970.744,590.2114,513.9921,550.6808,498.5222,491.9111
465.4713,498.9035,497.5338,3425.807,516.017,443.0974,472.2253,427.8409,424.3319
402.5902,436.4452,430.1235,2994.041,447.8943,383.4118,407.4347,367.4409,363.2962
348.9742,382.7269,373.8773,2596.548,388.1711,331.3615,352.0763,316.4787,308.872
303.5775,337.8744,326.7496,2268.623,336.3048,285.7947,304.9431,274.9308,263.8755
265.917,298.8544,287.0962,2005.967,293.9738,248.4836,266.7132,241.2436,227.8578
237.0141,264.9615,254.8812,1774.638,259.1949,218.5816,233.7071,213.8163,198.1927
213.1921,234.1075,229.6731,1581.541,230.7523,195.1741,203.9975,190.5048,173.639
193.5046,207.852,205.6066,1426.772,205.6756,175.8164,179.8514,170.0466,153.2185
175.8245,187.3751,185.0536,1294.195,184.4937,160.0511,161.3096,153.1153,136.0322
160.0246,169.2921,167.8418,1180.586,166.1899,146.8535,147.047,138.5845,121.0049
144.9834,154.3382,152.6009,1082.01,150.684,135.0776,135.4413,125.9962,108.0735
130.4734,141.9113,139.6052,995.4729,137.284,123.9059,124.6378,114.3577,98.10366
117.4222,130.6614,128.2477,912.9487,125.9318,113.4224,114.6952,103.3793,89.15134
105.806,120.1465,118.2081,835.3714,115.1917,104.3304,104.8512,93.49669,81.342
95.76689,110.5873,109.2162,772.9348,105.9845,96.03252,95.0384,84.29388,74.65337
87.0268,101.8472,101.1097,714.8746,97.85931,88.78062,86.83488,76.88271,68.26952
79.73878,93.66794,93.32767,662.8958,90.59225,82.35418,79.81633,70.76087,62.49725
72.96091,86.39698,86.21159,617.8021,84.33895,76.56504,73.67773,65.74704,56.43845
67.24928,80.57561,79.73006,571.7889,78.37427,71.41246,68.17957,61.0488,51.20325
62.41536,75.00004,74.18906,524.8381,72.89941,66.96786,63.31741,57.05414,45.75911
58.38976,70.18916,69.47782,480.818,67.28915,62.78028,59.43217,52.93798,40.53516
54.53087,66.49617,65.10816,442.0866,63.46455,59.16256,55.28065,48.37108,36.59506
50.78487,63.07727,61.3508,405.4798,59.64696,56.11593,51.50445,44.86158,33.42244
47.63115,60.29338,57.62772,376.0887,56.6814,53.5807,48.06467,41.57072,30.75028
44.45119,57.64692,54.22017,350.6843,53.68304,51.27063,44.90832,38.90857,28.4142
41.43455,55.43396,51.08321,328.0952,51.07355,48.96154,41.8535,37.09736,26.1199
38.80386,52.41952,48.33239,306.6909,48.31039,46.58032,38.69023,34.99102,23.77775
36.32908,49.72633,45.81965,289.5182,45.66645,44.21012,36.30868,33.05428,21.20244
33.89554,47.7479,43.65259,272.1453,43.12768,42.06155,33.76324,31.20756,19.12219
31.87542,45.24162,41.55036,254.3093,40.65588,39.95008,31.44375,28.94818,17.34762
30.11364,43.40972,39.83406,236.1068,38.19937,38.18959,29.84792,26.28445,15.94049
28.30833,41.79955,38.33278,220.211,35.97583,36.81746,28.45212,24.38841,14.5008
26.79633,40.68108,36.84533,205.8161,34.04771,35.34258,26.82188,22.86854,13.80922
25.62941,39.24121,35.28437,193.8387,32.4282,34.07623,25.1812,21.37071,13.00435
24.38598,38.14833,33.80033,185.4819,31.10107,32.65907,23.679,19.98674,12.20735
23.22882,37.51392,32.17006,178.113,29.38675,31.61003,22.53415,18.82924,11.12511
22.21583,36.10217,30.98209,170.1763,27.74968,30.25548,21.2958,17.43636,10.19238
21.34041,34.48893,29.94098,160.5237,26.65426,29.04114,20.55131,15.99957,9.207163
20.10219,33.33756,29.15808,149.0692,25.41682,27.57961,19.53706,14.8989,8.354977
19.16001,32.55543,28.37551,139.2649,24.17786,26.15116,18.51767,13.86799,7.950686
18.54746,31.80627,27.29569,134.0918,23.07437,25.21488,17.56104,13.01166,7.698227
17.808,30.86703,26.17594,128.6566,22.00593,24.38887,16.41097,12.13462,7.312955
17.08271,30.135,25.19924,124.0477,20.82899,23.80451,15.63065,11.44131,6.963675
16.85006,28.97095,24.27873,119.7013,19.6667,23.44053,15.01067,10.95767,6.857478
16.17772,27.64746,23.46458,116.0884,18.74127,23.12961,14.48851,10.83152,6.6898
15.63545,26.70792,23.0084,110.9418,17.96052,22.64784,13.88153,10.49327,6.527627
14.72516,26.14576,22.55189,107.7156,17.17716,21.90149,13.5071,9.948524,6.331575
14.42069,25.81173,22.14385,106.083,16.69123,21.58723,13.26208,9.49504,6.181576
13.78039,25.1897,21.85285,104.4527,16.39854,21.27371,12.92552,9.089605,5.91531
13.46453,24.62675,21.52197,101.1039,16.08063,20.93712,12.5976,8.290181,5.743089
13.54305,24.00065,21.2171,98.02143,15.65077,20.67428,12.44869,7.959543,5.706247
13.57277,23.28351,20.55373,95.89803,15.13054,20.2187,11.93003,7.665354,5.555424
13.98566,22.34328,19.89939,92.61025,14.58845,19.83071,11.27395,7.53007,5.245752
13.21136,21.6344,19.24865,91.94417,13.98215,19.41157,10.97245,7.50007,5.155838
13.29066,21.23126,18.93395,89.31715,13.52509,19.25987,10.67496,7.020745,4.96063
13.28898,20.83337,18.56838,86.73082,13.21437,19.08271,10.42297,6.946877,4.922852
13.28156,20.14649,18.14045,83.04736,12.96731,19.0226,10.32231,6.381718,5.013038
13.80333,19.75834,17.75268,79.27854,12.67956,18.86673,10.34661,6.092078,5.022182
13.92596,19.27453,17.19579,77.81178,12.4735,18.46758,10.19044,5.733305,5.033947
14.75316,18.51272,16.47817,75.78584,12.59694,18.30915,9.943459,5.459662,5.019777
14.23621,18.10314,16.21844,76.29721,12.20495,18.07886,9.919953,5.711837,5.020238
13.3688,17.98987,15.90405,72.60397,11.99969,17.98791,9.432956,5.355892,4.962287
12.03079,17.80818,15.97504,69.86559,11.7956,17.77486,8.980776,5.564594,4.984764
10.5839,17.44406,15.76974,65.59507,11.44268,17.70727,8.730916,5.493252,5.148587
9.511545,17.25953,15.17899,62.09146,10.86317,17.60759,8.350923,5.560921,4.955351
8.405487,17.12374,14.6077,62.38334,10.58041,17.10256,8.034289,5.729719,4.82133
8.233157,16.32517,13.87409,64.5745,10.56173,16.6828,8.035903,5.535377,4.967147
8.388399,15.90429,13.38703,65.2032,10.29077,16.46216,7.689867,5.655067,4.981314
8.379324,15.39552,12.99881,64.04925,10.05835,16.16396,7.362511,5.497735,4.554385
8.289779,14.87184,12.92293,62.29644,10.08538,16.15397,6.936118,5.613358,4.660973
7.846936,14.56997,12.86309,59.85276,9.834618,16.10922,6.693182,5.257683,4.684043
7.459511,14.11477,12.65687,58.30318,9.569742,16.38539,6.229235,5.097208,4.449083
6.792876,13.73291,12.39005,60.39973,9.230028,16.23713,5.652215,5.422513,4.206204
6.353074,13.04817,12.22913,61.1833,9.020355,15.88291,5.552373,5.691392,4.076992
6.166452,12.8225,11.85381,56.67422,8.783415,15.54841,5.594171,6.232973,3.797722
6.234191,12.5957,11.47121,50.91267,8.677699,15.10943,6.064224,6.587798,3.559764
6.326444,12.45521,11.10009,48.44085,8.451853,14.69086,6.192459,6.927301,3.484713
6.56687,12.64474,10.84625,46.98528,8.228327,14.25155,6.16254,7.130846,3.696858
6.669214,12.5517,10.94777,46.52077,7.924016,13.92692,6.029601,7.341028,3.480232
6.812825,12.45775,10.77091,48.77219,7.661274,13.71504,5.761491,7.702681,3.502904
7.207703,12.31501,10.75731,49.57506,7.588799,13.44514,5.39244,7.95212,3.526003
7.754482,12.02534,10.5957,48.13955,7.526988,13.32804,4.969805,7.929695,3.330692
8.172379,11.594,10.23754,45.43114,7.800079,13.23396,4.743447,8.146948,3.200826
9.183734,10.69457,9.908569,47.68277,7.940137,13.14202,4.352481,8.449494,3.12057
12.00493,10.25883,9.552637,45.99167,8.20842,12.93787,4.150007,8.718431,3.11896
16.53286,9.796779,9.432808,44.15358,7.994921,12.70468,4.175947,8.649343,3.003123
23.96581,9.202856,9.174219,41.92036,7.80863,12.19758,4.246557,8.69598,2.822212
36.97879,9.335111,8.72718,40.39824,7.463544,11.7723,4.165857,8.698992,2.629599
56.9845,9.260278,8.537458,37.49364,6.904054,11.38098,4.022957,8.817603,2.122105
93.98016,9.123675,8.209746,35.56337,6.598711,11.16538,3.967607,9.232475,1.832377
160.4517,8.79215,8.098355,35.15826,6.686573,10.98117,3.658217,9.602005,1.703262
246.2085,8.901942,7.788777,33.59927,6.893742,10.87989,3.680022,9.994383,1.955791
337.7274,8.769543,7.517566,34.12522,7.094952,11.01077,3.677549,10.04761,2.282731
420.3332,8.534709,7.306449,34.65208,7.094212,10.96213,3.453414,9.535835,2.272706
487.8364,8.459356,7.093827,33.51369,6.892403,11.01006,3.466205,9.232042,2.387305
532.9432,8.515764,7.217247,30.24736,6.111819,10.87784,3.528084,8.924219,2.212369
557.0699,8.396881,7.212096,29.4454,5.942307,10.71431,3.891842,8.770005,2.185182
576.1058,7.92407,7.18153,30.56176,6.062713,10.37803,4.085297,8.449632,2.214011
587.7798,7.543028,7.018863,31.88481,6.21729,10.2539,4.067762,8.67606,2.256265
583.228,7.445348,6.92536,33.80194,6.458137,10.22831,3.822872,9.225633,2.151643
562.5455,7.291635,6.713327,35.73922,6.552563,10.33074,3.735026,9.175116,2.023855
529.6302,6.66466,6.613691,35.96239,6.272211,10.34836,3.593349,9.268261,2.029376
483.9745,6.775343,6.733244,31.86243,5.716923,10.31729,3.66111,9.306552,2.111532
428.8828,6.937926,6.637358,30.52907,5.878748,10.11377,3.777506,9.11634,2.090396
370.4917,6.887973,6.242617,29.47311,5.669342,9.715086,3.919041,8.814862,2.11887
313.913,6.66067,6.010191,28.17307,5.644764,9.472681,4.175345,8.772641,1.968663
260.03,6.672702,5.791449,26.1715,5.883193,9.247609,3.991085,8.89468,1.834186
212.0063,6.451634,5.533442,26.25458,6.004966,9.321684,4.27092,8.661591,1.749477
174.95,6.149602,5.438943,24.81487,6.073119,9.276663,4.031173,8.541939,1.73704
144.8889,5.822764,5.514669,24.15191,5.958507,9.115437,3.946045,8.333497,2.008127
121.5706,5.620452,5.439097,25.16451,5.882475,9.02664,4.000094,8.03275,2.082205
103.4925,5.481135,5.274898,25.06699,5.543848,8.67896,3.788356,7.47284,2.256714
88.33511,5.20881,5.20839,24.12844,5.241745,8.571615,3.823171,7.227502,2.233124
75.91577,5.280027,5.186363,24.25533,5.037745,8.461762,3.92118,6.87886,2.366011
65.61299,5.337372,5.202779,22.91506,5.00001,8.428126,4.129266,6.894475,2.419831
57.21113,5.542121,5.502717,22.30183,5.033772,8.279397,4.228994,6.808564,2.54812
49.73915,5.370144,5.673035,21.21291,4.890535,8.115144,4.201905,6.878735,2.571368
44.07064,5.273358,5.341591,19.63198,4.925999,7.871285,4.337379,6.756423,2.478515
39.1183,5.08259,5.195504,19.36336,5.015293,7.519849,4.282672,7.005285,2.450811
35.10242,5.159133,5.081829,18.02078,5.272707,7.425169,4.081287,6.779088,2.472315
31.32869,5.362793,4.985515,21.26992,5.307317,7.412557,3.895789,6.463682,2.455143
28.28785,5.742365,4.767535,23.01666,5.238557,7.25496,3.949417,6.167912,2.628661
25.421,5.512101,4.666459,25.87472,5.140002,7.154698,4.126552,6.051432,2.879191
22.93115,5.444982,4.641515,24.37666,4.730181,7.068863,4.54567,5.813831,3.109263
20.60863,5.202806,4.227955,22.96495,4.593404,6.96178,4.816877,5.688673,3.232318
18.41715,4.75119,4.13669,21.07756,4.490658,6.860656,4.915308,5.723285,3.284529
16.58529,4.35074,4.067759,21.21092,4.512316,6.685432,4.541819,5.689132,3.279092
15.34614,3.863948,4.044428,22.74098,4.441808,6.766297,4.271534,5.5254,3.055366
14.42946,3.711899,4.064022,22.21345,4.090553,6.807832,4.052407,5.643807,2.993306
13.4852,3.613547,4.047905,22.78331,3.829806,6.597039,4.031344,5.656018,2.873292
12.52514,3.804741,3.955485,21.34793,3.718562,6.301414,4.164508,5.614367,2.856669
11.45799,4.280263,3.954394,19.7834,3.630941,6.123046,4.111474,5.361473,2.669377
10.32384,4.394101,3.81068,17.89159,3.57401,5.901924,3.935325,4.977736,2.528687
9.022939,4.209012,3.399385,18.42653,3.694179,5.727548,3.787574,4.259307,2.187906
7.944617,3.761734,3.18956,15.2167,3.77416,5.723329,3.905319,3.600202,2.055032
7.439836,3.250805,3.044942,13.10943,3.273267,5.914768,3.889542,3.638016,2.292495
7.441464,2.981331,2.83184,12.74747,2.884173,5.647402,3.668182,3.515473,2.435171
7.445072,2.623617,2.741198,11.51671,3.001435,5.123256,3.416121,3.448891,2.441118
7.073454,2.801589,2.838541,11.91335,2.844855,4.745725,3.008395,3.482307,2.336338
6.410015,3.288113,2.810854,15.20946,2.882019,4.537876,2.475201,3.451603,2.229487
5.542724,3.416333,2.759552,18.78354,2.950167,4.493208,2.49225,3.25598,2.103093
4.525089,3.348369,2.717043,16.30026,2.86167,4.626883,2.47802,3.062532,1.82607
3.733293,3.063016,2.924707,15.36719,2.57814,4.695122,2.417642,3.059751,1.876683
3.661609,2.811673,2.902658,13.29903,2.264721,4.634468,2.416962,3.184021,1.623618
3.86296,2.136868,2.746176,11.10077,2.239787,4.324589,2.438957,2.915505,1.276095
3.599981,1.869394,2.537357,8.040392,2.060067,4.055664,2.226031,2.774419,1.195244
3.670906,2.154928,2.551928,7.833035,1.906305,4.263329,1.86665,2.5888,1.161035
3.392994,2.449032,2.526183,7.843503,1.799132,4.269683,1.701436,2.373837,1.187746
3.40892,2.178887,2.46027,7.413236,1.691352,4.342603,1.773014,1.98199,1.275882
3.232284,2.112682,2.374433,6.202665,1.61441,4.257613,1.775884,1.75892,1.122407
2.933546,2.218885,2.468057,4.624205,1.606143,4.010453,1.861115,1.795581,1.023391
2.569334,1.867484,2.133042,4.779861,1.506435,3.873657,2.007449,1.543305,0.7155663
1.892923,1.627701,1.863624,6.915262,1.352977,3.427977,2.160818,1.683791,0.6688799
1.798691,1.772318,1.860816,7.055745,1.234854,3.234779,2.116277,1.403166,0.6368176
1.253217,2.093889,1.599179,8.806891,1.17889,3.012542,2.040792,1.364436,0.5913869
1.315344,2.09804,1.276094,9.792301,1.289861,2.771859,1.946899,1.390349,0.7322293
1.346511,1.862211,1.182665,6.7597,1.34624,2.579572,1.585338,1.489537,0.8087685
0.848466,2.018978,1.249748,4.782451,1.440052,2.455978,1.119617,1.883849,0.9204496
0.6016074,2.017896,1.406018,5.081681,1.431393,2.606752,1.049703,1.977035,0.8885394
0.221942,1.527572,1.763506,4.383016,1.351909,2.58417,0.9737769,2.102934,0.762378
0.2031729,1.36148,2.105982,1.387882,1.331252,2.725762,1.143125,2.083483,0.4735596
0.06576038,1.139516,1.95024,2.541794,1.33346,2.946533,1.270511,1.846978,0.2523036
0.3524107,1.066188,1.786658,1.418968,1.334996,3.197511,1.055462,1.867918,0.1035089
0.7267479,0.8355302,1.594126,0.1199926,1.19603,3.222392,0.8014784,1.559368,0.07012658
0.6745573,1.064749,1.410648,2.449521,1.190462,3.091902,0.8222355,1.312501,0.04361908
0.6467371,1.148249,1.198445,5.79445,1.189241,2.902298,1.005123,0.942944,0.2656827
0.5401534,1.012722,1.140418,7.744279,0.8848094,2.77657,0.9906065,0.7989467,0.426121
0.4570868,0.9201156,1.180089,8.298917,0.8105813,2.902521,1.180858,0.9199442,0.3137896
0.2883391,0.8607985,1.335178,10.36324,0.7667008,2.811569,1.410441,1.25434,0.2582256
0,0.8073842,1.510399,9.550122,0.6529278,2.858109,1.419399,1.48091,0.2125608
0,0.9224862,1.568399,6.758041,0.5254534,2.795504,1.441373,1.459774,0.0384626
0,1.168128,1.538572,5.781455,0.7150228,2.659843,1.675278,1.10391,0
0,1.059656,1.265242,2.691938,0.9078442,2.352416,1.801778,0.8376346,0.006202105
0.1373826,0.9724355,0.9398335,2.810665,0.7166899,2.231754,1.512413,0.6746708,0.04478846
0.7626292,0.9934956,0.670826,3.545399,0.8150502,2.503535,1.275281,0.6589282,0.1152428
1.14271,1.027984,0.8947844,5.743216,0.8763334,2.604007,1.057933,0.8800958,0.2435708
1.380622,0.977504,0.9040855,7.023975,0.7547458,2.688204,0.8987021,0.9873278,0.3604346
1.849665,0.9434016,1.064977,4.680649,0.9475418,2.839087,0.7254043,1.042221,0.4315524
2.623227,0.7945503,1.210704,2.802179,1.159468,2.996716,0.4770546,0.9968804,0.591553
3.249882,0.5511181,1.064455,0.01588509,1.376491,3.359699,0.6751955,1.243454,0.7613847
4.416774,0.5440867,1.055114,0.3699508,1.127802,3.287606,0.8182511,1.530577,0.812139
6.734332,0.7585056,1.107345,1.450786,0.9607213,3.472906,0.9627905,1.452849,0.8510901
11.50891,0.8933607,1.132993,3.674559,0.5868681,3.541768,1.178985,1.406704,0.9052927
20.92683,0.9172077,0.983646,4.875264,0.5271316,3.74427,1.376998,1.137795,0.6874485
41.21951,0.9139677,0.8123245,4.389232,0.6874856,4.189511,1.340574,0.4924381,0.5800663
72.88338,0.6154796,0.5633944,4.78141,0.5738445,4.689841,1.128144,0.3183646,0.521677
115.6775,0.3900783,0.1830139,3.836703,0.4458376,5.466725,1.267506,0.08460879,0.4906006
174.468,0.8268284,0.02025777,4.044023,0.23163,5.570382,1.333493,0.1255251,0.3693547
243.1029,0.718318,0.192137,4.558567,0.401513,4.949759,1.122741,0.2089273,0.1279508
321.532,0.8336024,0.3030186,4.972351,0.401235,4.731844,0.9569049,0.6391522,0.09523972
411.1029,0.7607911,0.4840885,5.021486,0.7715536,4.653185,0.8988944,0.9442613,0.1920148
500.0696,0.9317527,0.6180553,5.475224,1.234081,4.719679,0.7875529,1.027649,0.3281838
582.2147,0.9295939,0.7191609,5.822155,1.478119,4.57036,0.6005632,1.195209,0.5114636
643.7781,0.7249354,0.5737676,5.9548,1.49876,4.291484,0.7048131,1.250261,0.6130739
677.6738,0.8472373,0.5780574,7.147014,1.501694,3.988312,0.6649131,0.9354755,0.698052
679.8692,0.4094313,0.697534,7.783165,1.375817,3.056528,0.5322999,0.6928574,0.5339271
647.9813,0.2117721,0.6706266,7.931087,1.120421,2.647594,0.8242364,1.04831,0.3976842
593.2126,0.01824259,0.6804203,6.250597,0.7342596,2.299277,1.154949,1.339099,0.4832603
523.223,0.194548,0.6305798,7.306118,0.4685596,2.141203,1.567352,1.725372,0.6970913
446.2354,0.4728652,0.7243115,7.382739,0.1990654,1.677837,1.613278,1.776647,0.7525707
372.8368,0.5135916,0.7247349,7.136975,0.0877675,1.581789,1.53853,1.524742,0.8049194
304.9438,0.5239453,0.9543245,6.48165,0.1646652,1.674229,1.346719,1.1326,0.8634351
247.5634,0.5261901,1.138352,8.925051,0.1020759,1.927319,1.338176,0.9078597,0.7261056
200.5479,0.4206961,1.179911,8.299292,0.1071249,2.067538,1.885097,0.7256988,0.4767116
161.721,0.3362852,1.150665,8.176321,0.008228135,2.102418,2.787247,1.050022,0.3863828
131.7679,0.155522,0.9723843,10.44592,0.4041516,2.16552,3.817458,1.188287,0.3480867
109.3928,0.2468986,0.7683342,11.39755,0.5430118,2.193814,4.754377,1.020144,0.3738028
91.86244,0.3831736,0.5247629,8.670496,0.8383303,2.427448,5.293271,0.6992758,0.4674969
77.6566,0.3022224,0.4914712,7.790646,1.0317,2.697011,5.426395,0.6129729,0.5805002
66.48618,0.5994284,0.5610407,10.14481,1.054231,2.974757,5.220985,0.7316347,0.811914
56.86136,0.5649254,0.7847893,9.170867,1.012643,3.192153,4.740462,0.6840187,1.098666
49.82281,0.5587785,0.7916701,8.307681,0.6506205,3.128839,4.009835,0.7881474,1.242649
43.67353,0.275951,0.9324937,8.787639,0.6343361,3.257836,3.16657,0.7371001,1.217806
38.95874,0.3049504,0.9244543,8.815561,0.5302989,3.411053,2.424393,0.4446753,1.141662
35.23093,0.3933071,0.7569011,7.098532,0.4995188,3.524882,2.035024,0.1265957,0.9940642
32.08392,0.5459545,0.7082109,8.583922,0.389246,3.626031,1.947185,0.1936137,0.7924956
29.39961,1.098606,0.4394636,10.52102,0.4412601,3.473679,1.751433,0.5736579,0.7190832
26.71946,1.377363,0.2758583,11.97864,0.4036121,3.221892,1.341759,0.8851048,0.8226475
24.46036,1.560472,0,9.955463,0.2773201,2.861387,0.8291218,1.041466,0.8669881
22.62708,1.320061,0.08542044,9.395667,0.3112654,2.649109,0.5635683,1.289191,0.843627
20.99542,1.002251,0.1908996,7.293666,0.4584374,2.669116,0.5445067,1.119424,0.9447866
19.40021,0.5849243,0.2586112,4.911874,0.410104,2.771647,0.6759885,1.165056,1.100427
17.90622,0.230429,0.3405358,5.133841,0.3463534,2.958084,0.9040431,1.080684,1.055038
16.73358,0.2026522,0.4921834,5.781348,0.3498981,3.117086,1.090287,1.188967,0.9480061
15.5899,0.2237188,0.4401758,6.82369,0.4552428,2.994222,0.6939459,0.9906752,0.8935173
14.37357,0.3223037,0.3608311,4.881125,0.5300449,3.129143,0.3820616,0.7294232,0.9552741
13.19965,0.2307994,0.3226765,6.446898,0.568141,3.061005,0.1823247,0.7900543,0.8939885
12.15604,0.190585,0.3586128,3.730812,0.4063546,2.723173,0.1971137,0.532019,0.8951214
11.1116,0.197717,0.4568892,2.685409,0.3044239,2.683004,0.4383719,0.4863067,0.8984692
9.994065,0.3740498,0.4049272,4.142134,0.1822482,2.224367,0.6745393,0.624175,0.8521927
9.015002,0.2854754,0.4518968,7.251655,0.008451236,2.098615,1.02753,0.9529303,0.772799
8.432337,0.5576737,0.4629368,8.61906,0.06276187,1.746868,1.015992,0.9174385,0.7633494
7.907222,0.8473043,0.4314533,9.074162,0.1110666,1.609625,0.9030849,0.9623103,0.9303798
7.559632,0.6094306,0.6186841,8.764672,0.04812068,1.405853,0.689173,0.7845513,0.9338109
7.285131,0.5830563,0.6720929,7.395176,0,1.181356,0.5715494,0.519295,0.8747098
7.075709,0.6083759,0.8061599,6.190969,0.03837205,1.173884,0.5970092,0.3090117,0.7695978
6.736193,0.4873872,0.7266384,7.374233,0.231596,1.096186,0.5079434,0.3579506,0.7024976
6.261794,0.3201279,0.4411063,8.830539,0.4616205,1.181146,0.5552877,0.642136,0.7744051
5.409272,0.01289804,0.1893826,9.861928,0.644246,1.039555,0.7428318,0.5943344,0.7624815
4.970174,0.5165641,0.2028455,9.462532,0.4910539,0.9242501,0.9181911,0.7990627,0.7564205
4.794333,0.7935643,0.3232978,7.066088,0.1809119,0.9215381,0.8668311,1.007905,0.6719683
4.831457,1.350019,0.2430914,6.963711,0.1500463,0.8834478,0.9582746,0.9665276,0.5522467
4.795737,2.022394,0.1910401,6.289689,0.08503667,0.9968671,0.8543839,1.033427,0.5879545
4.797261,2.375018,0.2136255,6.682796,0.2364444,1.161648,0.8237157,0.9551643,0.4738258
4.960579,2.727957,0.1822758,6.660176,0.4092416,1.234851,0.5025482,0.8805556,0.3911646
4.860769,2.770937,0.2231019,6.671785,0.5772009,1.162889,0.4409432,0.3389342,0.551028
4.647154,3.099122,0.4700458,6.730416,0.6086046,1.077552,0.4885706,0.04218721,0.645707
4.6127,3.115984,0.354429,6.557106,0.5996178,1.001113,0.4860553,0.04793499,0.7509004
5.270532,3.262922,0.1017051,6.252034,0.6147126,0.9827762,0.8443828,0.1021291,0.7542254
5.851603,3.396037,0.05872964,6.095419,0.4042388,0.9587591,0.9692972,0.5801095,0.9442268
6.743559,3.507776,0,6.281343,0.4114478,0.9746896,1.133873,0.7811891,0.8411307
7.711631,3.69937,0,8.71465,0.4002593,0.9501634,1.11153,0.8091304,0.8373945
8.597191,4.055439,0.008531889,9.118285,0.07473878,1.043167,1.060522,1.0107,0.8927922
9.646767,4.237092,0.1356255,10.43004,0.0002585162,1.083799,0.9485263,1.123769,0.9865621
11.0108,4.113266,0.1314442,12.79961,0.01779778,0.9476545,1.053616,1.208435,0.9617014
12.66599,3.984968,0.1376798,13.62153,0.1492909,0.9904001,1.286976,1.215732,0.8272679
16.12734,3.883093,0.3333686,11.49642,0.2095412,1.004092,1.358306,1.433811,0.71698
21.3858,4.044572,0.4050619,10.45856,0.2289501,0.9487502,1.178865,1.144414,0.8217549
33.24135,4.265697,0.4526332,6.474168,0.3744183,0.9178525,1.224747,0.722918,0.9532397
54.93554,4.410164,0.2995841,2.985513,0.1663907,0.9777657,1.307967,0.7222117,1.032077
91.99306,4.787284,0.183572,1.739273,0.00307814,1.016719,1.297043,0.7168701,1.022275
146.6333,5.228403,0.01137391,5.288869,0.04100804,0.98427,1.355728,1.097053,1.170119
217.8714,5.435706,0,8.922537,0.07575998,1.060181,1.330716,1.393996,1.116659
307.9745,5.458314,0,10.95644,0.2517182,1.279021,1.431487,1.601865,0.9756773
411.9582,5.415355,0.0797435,13.47845,0.3515128,1.289329,1.47729,1.614306,0.9522974
524.8821,5.44511,0.1961953,10.70319,0.3963989,1.196045,1.456829,1.467777,1.119466
635.0026,5.529975,0.2935492,9.646242,0.3262753,1.196598,1.557387,1.481597,1.086254
722.2279,6.040707,0.398426,9.402813,0.2489529,1.138344,1.523463,1.3319,0.8974267
775.9335,6.290966,0.4070964,9.736621,0.1315896,1.158149,1.31984,1.219354,0.7847891
770.4968,6.358874,0.4146555,8.815235,0,1.287693,0.9238697,1.31654,0.8099765
721.2141,6.253345,0.3474046,7.081184,0.01397937,1.395977,0.8524215,1.348842,0.7135341
641.2373,5.825829,0.3502065,6.4111,0.004298469,1.56082,0.9056982,1.182932,0.6694704
543.9982,5.41564,0.0540782,6.408443,0,1.63306,1.154839,1.285284,0.8827597
450.176,5.397658,0,7.195432,0,1.62529,1.416015,1.378954,1.201407
364.5229,4.996195,0,12.09839,0,1.517057,1.780574,1.367162,1.278165
294.1402,4.333456,0,14.44455,0,1.417819,2.316631,1.40201,1.223721
233.4832,3.834885,0.02257224,16.76038,0,1.274899,2.816825,1.397011,1.310192
183.7265,3.570388,0.005248046,15.74545,0.1213725,1.065686,3.757982,1.308184,1.362053
145.9221,3.496687,0.1929442,15.27058,0.1213613,0.9253815,4.826059,1.187601,1.467594
117.8729,3.393625,0.05766287,12.40231,0.2146061,0.9956614,5.731412,0.8244023,1.673207
96.01834,3.518246,0,10.02866,0.2060878,1.05421,6.463447,0.7956543,1.916654
79.97257,3.487205,0,10.24729,0.1596118,0.9024174,6.845488,0.7068214,1.952226
68.26672,3.611142,0,8.454979,0.02387905,0.9188035,7.018987,0.5933001,1.842076
58.97773,3.623139,0,9.208398,0,0.86757,7.200644,0.7913063,1.79063
51.98777,3.423756,0,9.146827,0,0.7814325,8.111601,1.20409,1.908059
46.65301,3.305614,0,9.179422,0,0.8517202,9.338005,1.421641,2.12587
42.41829,3.138029,0.008044992,9.317688,0.006019876,0.8284704,10.9361,1.307702,2.451933
38.74874,2.82582,0.2689324,11.46526,0.01360492,0.8920528,12.74396,1.408201,2.710635
36.00034,2.981666,0.3060965,12.61271,0.128517,0.8023547,14.60343,1.51268,2.786159
33.55535,3.017626,0.242424,12.69605,0,0.7873972,16.02578,1.311141,2.672369
31.61447,2.814084,0.3048545,13.68206,0,0.7036912,17.49495,1.144916,2.470432
29.87079,2.730732,0.06754462,13.83258,0,0.5428177,19.98075,1.343307,2.548968
28.88422,2.66519,0,11.27967,0,0.5732054,25.60407,1.331944,2.446017
27.96389,2.825034,0,12.01806,0,0.4974212,36.18309,1.30988,2.450557
27.7617,3.048033,0,12.85021,0,0.4592825,49.74339,1.465004,2.815113
28.00921,3.437099,0.5981261,11.71179,0,0.3301506,63.68585,1.456748,3.09517
28.30089,3.725054,1.441249,12.19234,0,0.1582432,73.38925,1.20715,3.247693
28.4451,3.578206,2.083043,13.20115,0.07817194,0.2735463,76.51942,0.9182742,3.216707
28.64742,3.655347,2.560318,16.28752,0.4887492,0.1976928,70.45942,0.7355552,3.245488
29.3169,3.903023,3.467457,18.76187,0.9357343,0.3921696,58.98231,0.8112748,3.192161
30.20591,4.926798,5.163335,22.7161,1.390749,0.6379445,47.14623,1.031178,3.142201
32.50661,6.639882,9.352384,23.56691,1.631554,0.7617792,36.42398,1.614339,3.28687
37.22619,8.827487,17.14132,21.32844,1.741631,0.8229865,28.57487,2.041797,3.448784
45.28929,11.10065,32.28625,17.29112,1.955388,0.6690927,22.69195,2.162585,3.450953
58.76555,12.92165,55.80442,12.08982,2.358899,0.5276137,19.17308,2.159414,3.286053
83.49293,13.90585,77.23864,10.0421,2.895156,0.3057698,16.47672,1.793678,3.215427
122.6826,14.04845,89.72212,9.885735,3.844643,0.1670073,13.89378,1.555349,3.375886
179.8159,13.69311,88.6581,11.23384,4.910172,0.115079,12.05491,1.324419,3.357844
261.1263,12.78539,76.84993,11.28403,6.072776,0,10.16305,1.390545,3.372308
368.034,11.23521,57.85964,9.136374,7.095426,0,8.593554,1.363858,3.474738
493.3798,9.457132,40.25547,7.226322,8.723896,0,7.107274,1.469005,3.465663
628.9748,8.088204,29.68818,3.889076,10.9264,0.09651849,5.857749,1.276217,3.450014
733.8402,6.40309,22.88907,1.953487,13.64283,0.02646207,4.983617,1.044541,3.230751
797.9814,5.02877,17.71465,1.816047,17.00635,0.03597835,4.30709,0.9592482,3.162215
803.7256,3.918899,13.57736,2.993628,21.53515,0,3.806231,0.781221,3.01337
751.4897,3.29934,10.79056,3.65977,27.01902,0,3.125322,0.7144986,2.850106
662.6182,2.846483,9.093068,3.282692,34.08261,0,2.511612,0.6437479,2.617324
555.7958,2.597286,8.403368,7.269677,42.6074,0,2.124438,0.7329529,2.547771
455.1477,2.82972,8.975293,7.03582,51.73886,0.007452996,2.0975,0.6994562,2.543841
361.2342,2.849393,11.60687,5.528889,55.29512,0.003373693,2.123929,0.3978881,2.311247
280.8873,2.864608,17.48253,3.552821,81.56165,0,1.997652,0.1040914,2.144723
217.8617,3.027017,26.87055,1.231045,176.2153,0,1.596596,0,2.157624
169.2452,3.838662,39.40195,0,335.6094,0,1.39496,0,1.989638
133.5923,5.14422,53.53335,0,533.9095,0,1.289439,0,1.819225
108.4136,6.274398,65.93882,2.265983,729.0261,0,1.114384,0,1.58794
88.78684,7.44769,74.29504,1.0531,884.6395,0,0.9278656,0.1221112,1.294764
74.63092,8.157193,77.55767,0.3353417,959.7897,0.04320427,0.8180125,0.05684127,0.6727844
63.20706,8.362261,74.87189,1.073928,966.1663,0.01684514,0.4909495,0.01766672,0.1787997
54.66585,7.493846,67.5868,1.02361,944.7928,0,0.2405521,0.009475195,0.05318499
47.79761,6.593171,57.67357,0.2554598,901.306,0,0.0039623,0.01539719,0.0003274983
43.06178,5.968598,47.65945,0.1376016,831.4397,0.05262953,0,0,0.007411759
38.00587,5.444027,38.37524,0.2053848,737.5371,0.04272458,0,0,0.08165239
33.92907,5.16535,31.3803,0.2676286,633.2069,0.06649678,0,0.02728941,0.0137196
30.90941,5.340572,27.28096,0.0211827,525.2642,0.131231,0,0.002872569,0.01577495
28.72529,5.916737,26.43005,0.05970801,422.4453,0.1497271,0,0.03447572,0.018047
27.24453,6.733171,31.46683,0.2008015,333.0841,0.05697138,0,0.0490616,0.0480633
25.31788,7.707172,40.73807,0.004668741,258.558,0.01190939,0,0,0.09620469
23.5363,8.518585,53.32152,0,199.5294,0.1010148,0,0,0
22.49137,9.049797,66.66295,0,151.5942,0.09229235,0,0.01138509,0
22.16413,8.5593,78.06487,0,114.5229,0.007129744,0,0.0007718705,0
22.85159,7.389685,84.45421,0,85.91764,0.005754807,0,0,0.0426151
24.13559,6.08679,84.14367,0,65.26414,0.006277858,0,0,0.1908355
25.77931,4.659308,78.94038,0,51.19662,0.0006489471,0,0.004591567,0.1709291
27.50904,3.543774,69.72684,0,41.87255,0.01205567,0,0,0.09206368
29.8339,2.52582,58.29747,0,35.8829,0,0,0.0138941,0.05461064
33.33855,1.939162,46.85839,0,32.23497,0.03687304,0,0.3186103,0.07886074
39.46876,1.401928,36.57496,0,29.8867,0,0,0.3674565,0.3841661
49.10183,0.8732979,28.10092,0,28.37536,0.03656793,0.9320546,0.2257492,0.68707
62.81662,0.6432291,21.29521,2.268211,28.18667,0.0697106,3.311032,0.07904035,0.8292836
83.91685,0.354254,15.86568,17.20553,28.0584,0.1183124,6.635582,0.02587545,0.9305197
112.2895,0.1316821,12.1215,39.90975,27.74991,0.09510552,10.77443,0,1.14121
158.7351,0.01443213,9.481026,70.16939,27.06095,0.01275889,15.21922,0,1.249325
224.0566,0,7.945859,109.0528,26.00241,0.1018815,19.36761,0,1.442029
311.637,0,7.591559,158.1423,24.9938,0.209788,22.34682,0,1.773537
427.443,0,7.804655,215.4833,23.26778,0.4712453,23.89182,0.001501998,2.093148
553.9676,0,8.531424,277.6474,21.74821,0.7066669,23.79155,0.1587592,2.34145
669.1265,0,9.258173,391.3643,20.28848,0.8598506,21.64143,0.2948887,2.634116
747.2634,0,10.17082,601.6191,18.69596,0.904901,17.99567,0.3025644,3.111976
771.0931,0.05924316,10.81073,957.8503,17.21828,0.8904293,13.60832,0.4245964,3.389128
744.338,0.7629921,11.59934,1489.807,15.59612,0.9939319,9.19793,0.4942267,3.450186
668.2333,2.087536,12.80166,2287.888,14.40585,1.157089,5.822984,0.6767528,3.74319
566.2884,3.783758,14.69518,3500.881,13.22699,1.356092,3.615351,1.025787,4.071823
461.624,6.037338,17.49633,5137.415,12.57953,1.550276,1.963586,1.549865,4.342131
361.4118,9.306276,22.08,7282.559,12.22655,1.661122,0.9666033,1.800116,4.621869
280.3488,13.19442,27.63451,9640.038,11.97044,1.6996,0.3686052,2.022492,4.92418
213.6667,17.44053,34.5664,11702.91,11.68461,1.667847,0.1035668,2.284268,5.336774
165.4428,21.56482,43.06435,12930.73,11.22234,1.57823,0.1515913,2.571083,5.596347
131.3567,26.83503,52.03907,13158.75,10.93889,1.728956,0.5403434,2.753573,5.886406
104.9874,33.24446,60.02684,12253.78,10.30766,1.804839,0.7163626,3.118727,6.344925
86.59618,42.64416,67.02272,10643.11,9.982391,1.897075,1.153296,3.484853,6.667861
72.79369,58.76793,75.8589,8719.143,10.11208,2.06267,1.575727,4.14846,6.923341
63.11004,80.98576,88.87824,6873.456,10.72525,2.136983,1.899064,4.082958,7.063889
56.3499,111.6752,110.7359,5259.067,11.26776,2.103098,1.989012,4.078887,7.216165
51.60591,150.3947,144.9437,3981.321,11.52356,2.104259,2.211997,3.970514,7.498524
48.569,194.957,192.4197,3040.566,11.78515,2.085572,2.578964,3.789062,7.532719
47.29452,242.851,252.6262,2357.1,11.53549,2.251684,3.441797,3.862115,7.63636
47.41397,287.3453,318.3275,1921.245,11.70829,2.36925,5.531031,4.193603,7.826869
48.05441,323.7284,383.2799,1606.359,14.97358,2.646418,8.910304,4.710158,7.88685
49.39485,343.3074,430.4473,1363.591,22.85381,2.915034,13.22983,5.006347,8.067633
51.47174,343.5247,454.7822,1164.386,37.86819,2.995312,18.72829,5.323915,8.298933
54.92907,324.2133,450.8192,992.4203,55.15291,3.104789,25.07958,5.764715,9.022871
59.43421,286.2327,419.5228,849.9061,71.40767,3.180747,31.95736,5.802418,10.09017
65.46266,241.0439,371.1477,732.836,80.06644,3.313857,38.04456,5.781774,11.63207
72.44479,193.8192,314.9287,638.1003,79.50555,3.1546,43.0412,5.881719,13.61722
84.88532,150.7792,258.9599,562.9637,70.23417,2.903179,45.73702,5.796151,15.52062
105.0243,116.2418,206.8304,500.034,56.36842,2.770079,45.52428,5.709222,17.28961
136.6617,90.98008,160.8134,446.8396,42.99989,2.714281,42.66262,5.923104,18.46749
194.2219,73.65293,122.7101,403.4156,32.17539,2.829661,38.10403,6.348417,19.11742
288.6966,61.50649,91.81541,366.2811,24.60074,3.129004,32.8752,6.340054,19.22135
417.2461,57.40681,68.23766,338.8522,19.22909,3.377243,27.41989,6.071681,18.97405
576.2526,59.52667,51.72319,310.8125,15.5709,3.46761,22.8026,6.04602,18.8103
733.9913,67.74515,39.63725,288.0813,12.54616,3.44831,18.84196,6.203904,19.15614
850.322,81.87394,31.99472,270.4951,9.725451,3.38304,15.76826,6.282397,20.08272
893.9368,98.61383,26.78459,258.6544,7.826142,3.309286,13.32702,6.455486,21.63505
853.7929,115.4522,23.64142,252.2608,6.350166,3.263802,11.24204,6.789997,23.51385
753.7828,130.4464,21.65601,247.519,4.982484,3.344379,9.786749,6.973306,24.82384
619.1501,145.7861,20.48594,243.2125,4.415831,3.484976,8.838534,7.071455,24.92446
487.6246,166.2614,19.80416,235.3796,3.847193,3.623642,8.666138,7.339865,23.93708
377.4318,199.7203,19.13877,223.6284,3.575296,3.719646,8.995022,7.425816,22.34374
288.8795,247.4145,18.39489,207.5988,3.455241,3.717667,10.33789,7.376125,20.36209
225.1168,313.6683,17.56735,193.064,3.48862,3.702315,12.87463,7.363367,18.44623
176.4965,389.1389,16.64276,173.6677,3.588454,3.75392,16.19382,7.304309,17.15499
140.4815,460.6314,15.9537,153.6763,3.751782,4.008352,20.17152,7.334458,16.72159
114.973,514.4766,15.58227,132.2515,3.739919,4.182485,24.01876,7.394409,16.91518
96.24953,537.864,15.57147,118.064,3.408423,4.306268,27.28853,7.679415,17.38752
82.37054,528.1151,15.48883,104.6179,3.236841,4.338936,29.25183,7.900364,17.91045
72.6661,480.3499,15.14505,95.48843,3.356608,4.239144,29.35831,8.004449,18.36349
66.09438,413.5882,14.87272,92.3157,3.131902,4.096349,27.92444,8.134934,18.29815
60.32972,336.4424,14.24418,89.06698,2.941453,4.048629,25.17781,8.438853,17.80541
56.20058,263.3935,13.49442,88.20618,2.888821,4.088438,21.85735,8.566721,17.26848
53.33059,201.2151,12.60889,83.62271,2.395177,3.944924,18.46838,8.710627,16.96481
51.76586,153.1418,11.52071,79.71784,1.965468,4.0524,15.52121,8.676341,16.77191
51.11054,118.6473,10.37445,72.15937,1.878176,4.120253,13.58347,8.63104,16.84639
50.46559,93.0465,9.324431,66.09166,1.942546,4.133944,12.21991,8.536413,16.77295
49.98681,75.10793,8.428059,60.98553,1.699948,4.165104,11.22333,8.462414,16.26084
49.463,62.75708,7.699878,55.02108,1.632679,4.15645,10.45159,8.551094,15.55276
48.26474,55.84425,7.173871,50.10673,1.688832,4.15086,10.03259,8.663257,14.65419
47.2381,53.15846,6.869785,46.779,1.645679,3.99123,10.12903,8.799628,13.94152
45.91836,52.51194,6.33554,42.93246,1.690128,3.94805,10.47103,8.952331,13.49112
43.8287,52.17379,5.907325,39.15559,1.805041,4.056417,10.75099,8.999627,13.10708
41.44762,51.53517,5.751386,38.95017,1.975675,4.112218,11.00693,9.054257,12.75877
38.85939,49.42157,5.611378,36.01731,1.984782,4.117042,10.99107,9.232581,12.46577
36.52969,46.37421,5.607794,30.48141,1.907038,4.262892,11.36467,9.37533,12.02451
34.10759,42.91904,5.43786,25.69027,1.945446,4.366395,11.61239,9.427422,11.49154
32.17659,39.16275,5.475676,21.76491,1.758478,4.432394,11.81748,9.661885,11.24892
30.39674,35.26585,5.103655,17.54761,1.535066,4.460124,12.77357,9.980464,11.08215
28.3426,31.2589,4.418816,13.00164,1.116035,4.581704,14.2702,10.29223,11.00423
26.50493,27.71532,3.899379,10.64443,0.7931048,4.57366,16.3503,10.43434,10.81989
24.79611,24.58495,3.349383,7.824423,0.5837479,4.493664,18.95946,10.36252,11.06791
23.45582,22.08253,3.046306,10.08889,0.3720312,4.492517,22.45289,10.29899,11.45084
23.24781,20.4477,2.608295,13.76637,0.1893731,4.508422,26.05753,10.26419,11.85472
23.89458,19.07632,2.307561,16.52747,0.01672708,4.611327,29.41691,10.01781,12.23895
25.03092,18.27029,1.961514,18.81286,0.2848685,4.689852,32.97583,10.25843,12.5985
26.84605,18.06414,1.725585,20.01421,0.6553319,4.927089,36.38831,10.3142,12.91788
29.39212,18.01994,1.50912,18.31561,1.122346,5.085026,39.16604,10.44417,12.95457
31.93875,18.3257,1.597713,15.64171,1.696624,5.20522,40.40714,10.84098,13.01838
34.33753,18.35689,1.588115,13.79583,2.048543,5.16645,40.25391,11.21725,13.38384
37.31096,18.29766,1.454154,10.87938,2.199234,5.208398,38.98445,11.56365,13.71835
41.1431,17.79249,1.298203,9.556293,2.108037,5.260072,37.29801,11.70997,14.14242
45.92352,17.6417,1.074985,7.496868,2.299755,5.331097,35.71999,11.75175,14.55189
53.19389,17.07981,1.128956,7.110248,2.600978,5.558527,35.0556,11.81693,15.03849
62.04741,16.60165,0.9417534,8.477883,2.751431,5.808759,35.86486,11.85967,15.22451
74.24899,16.24509,0.8440892,11.74653,2.850918,5.834403,37.03376,12.02515,15.46836
92.29577,15.4949,0.5110267,13.92662,2.728009,5.604261,38.6898,12.48605,15.69691
121.8283,14.65626,0.1404282,15.46168,2.413177,5.442248,40.15587,12.7804,16.00834
174.3275,14.25404,0.1169854,15.68998,2.081213,5.48099,41.84013,13.11882,16.66718
254.7361,14.09589,0.4708615,10.59593,1.943179,5.659392,43.55724,13.186,17.85018
372.2964,13.651,0.9346759,4.010936,2.137191,5.919612,45.30043,13.54819,19.49603
525.265,13.42031,1.527299,1.067762,2.423993,6.229059,46.9375,13.63426,21.65834
680.1396,13.42027,1.852824,0.3419138,2.649213,6.316308,47.61222,13.99252,24.39272
797.8479,12.72231,1.905046,0.7058991,3.050075,6.139929,47.11734,14.63338,27.791
839.2326,12.52166,1.93069,7.396383,3.673001,5.789346,45.28709,15.34182,31.54701
795.6956,12.24021,2.160507,16.49211,4.951282,5.75638,43.41691,16.08764,35.30942
684.5204,12.62831,2.624599,24.15783,6.834346,5.856266,41.07797,16.46478,37.84502
542.1867,12.61701,2.974518,31.20961,9.22964,5.925371,39.71527,16.45768,38.8901
411.933,12.80308,3.591753,40.03671,11.27123,6.306589,39.58169,16.14879,38.01345
309.9469,12.66395,3.780781,46.60139,12.70943,6.602295,39.88049,16.05553,35.68579
239.1199,12.61596,3.968842,46.42271,12.96789,6.951586,40.85422,16.58713,32.91129
190.0919,12.90244,4.356505,45.93514,11.8673,7.253516,42.04577,17.09675,30.91728
156.0812,13.08943,4.805048,38.77194,9.972879,7.483265,43.32389,18.02081,30.02165
131.5601,13.63983,4.933017,31.34881,8.053815,7.605189,44.25226,18.70372,30.31288
115.2483,13.91941,4.867703,25.81972,6.05934,7.68946,44.65527,19.09118,31.61163
104.5347,14.15483,4.716675,23.20894,4.332447,7.692576,44.31493,19.72942,34.16422
96.67451,14.17913,4.419882,25.95846,3.493604,7.712491,43.05051,20.59256,36.65722
90.43344,14.31528,4.471488,28.96391,3.197137,7.94593,41.79005,21.92423,39.85462
84.73181,14.32282,4.551072,35.24212,3.099525,8.293861,40.75031,23.32916,43.25542
78.84357,14.11785,4.712627,39.00333,3.344952,8.467767,40.75165,24.83844,47.84895
72.6563,14.21073,4.916101,47.27239,3.699695,8.787118,42.15553,26.55762,53.93951
66.42449,14.11188,5.089603,53.61146,3.916756,9.229952,44.66291,27.77452,61.92522
59.58869,14.33087,4.990809,58.19257,4.035812,9.4086,48.39264,29.3726,71.76711
53.65704,14.78471,5.032607,62.98518,4.258396,9.715909,53.87132,31.0239,83.12717
48.57207,15.32479,5.467231,68.19201,4.374154,10.10917,61.20605,32.80399,96.62443
44.40957,15.92975,5.859734,74.64819,4.539249,10.67268,71.06361,35.03518,111.5552
41.45258,16.23772,6.238935,80.51028,5.087195,11.23524,85.15759,37.98881,126.1748
39.59654,16.09216,6.54549,85.77415,5.91632,11.82389,103.5959,41.82974,139.5173
38.85681,15.71749,7.295603,89.00504,6.402564,12.73637,125.2232,46.60758,151.5577
38.98579,15.54714,7.532995,90.14114,6.803493,13.67444,153.8049,52.49987,159.2841
39.95425,15.66597,7.621858,90.83952,6.899032,14.73863,189.1531,59.08971,163.7144
41.97705,16.08548,8.182386,97.29069,6.754394,15.89059,229.8172,67.171,165.9715
44.8996,16.93934,8.928183,104.9853,6.734084,17.13527,274.5208,75.98509,184.0185
48.5358,17.72011,9.720538,115.6285,7.075754,18.46719,314.3639,87.22284,236.4919
52.99289,17.99655,10.28229,127.8205,7.671929,20.13204,344.9271,100.4338,364.6362
57.71125,18.15321,10.95611,139.3479,8.244821,22.05947,360.9629,117.2663,629.6893
61.7419,18.54992,11.88384,150.6521,9.060935,24.84395,370.9452,137.8422,1041.53
64.69112,19.15029,12.541,164.146,9.676675,28.47425,380.8205,162.8662,1571.94
67.6217,19.69895,13.40462,183.6858,10.36766,32.43064,399.6816,190.4007,2135.345
70.69582,20.39086,14.24041,205.6663,11.45033,36.61708,425.3876,218.3766,2599.62
75.72894,21.31355,15.09825,232.5119,12.64845,41.45624,453.65,243.2593,2869.193
86.37406,22.55556,15.77783,261.1158,14.07199,47.06574,472.8202,262.8651,2869.376
108.4144,24.19541,16.48084,290.357,15.53736,53.51439,480.6192,276.8466,2616.089
153.4666,26.09204,17.43261,326.7742,17.22575,61.35415,480.4374,286.983,2201.414
252.5749,28.26121,18.78337,371.4294,18.95024,69.12337,468.3583,297.1525,1726.717
412.1848,29.96562,20.08256,438.3385,20.50224,75.3319,451.5835,325.3392,1286.212
625.2925,31.36,21.25627,524.1041,22.1016,78.58407,433.5592,395.542,919.0117
827.9019,33.12563,22.53186,632.7685,23.6383,79.23481,425.765,558.0054,647.1699
951.2999,34.93305,24.11975,770.1154,24.96985,78.19348,440.1814,880.3569,464.1719
969.7916,36.47753,26.04948,932.4338,26.36386,75.73676,492.4949,1469.729,341.5049
867.8955,38.38446,28.51085,1112.684,27.96455,77.22349,597.1184,2397.862,262.8555
706.4142,41.13484,31.36992,1302.12,29.74144,93.31126,733.9044,3606.621,225.9296
535.3674,43.95729,34.31939,1494.975,31.68478,128.6352,874.4348,4839.324,223.4521
411.7886,47.3978,36.98096,1649.589,34.04514,175.8771,988.9395,5703.04,242.2938
332.5848,50.48178,39.80921,1767.732,36.39497,223.6682,1043.619,5884.66,266.2761
274.5806,54.21624,42.60482,1858.106,39.7407,260.3121,1016.974,5372.441,278.2
233.3735,58.53115,46.15205,1906.196,44.80766,277.4069,915.0845,4336.79,267.8182
204.6715,63.44168,51.98536,1943.16,50.66127,277.4722,772.473,3131.49,233.0934
184.2707,68.37975,59.87396,1987.977,57.77329,280.1608,619.2988,2077.423,189.2571
171.1593,75.32668,69.27774,2204.74,66.9002,292.8589,479.8119,1373.4,152.371
164.5004,85.18347,79.83621,3049.041,78.46169,316.903,378.6327,957.1251,133.3002
164.095,99.81233,93.47216,5554.611,93.67632,339.0779,315.7765,712.2821,130.4898
169.3769,120.8502,111.3844,10555.88,112.3588,351.5784,282.195,562.3124,141.209
178.9721,147.2468,132.9859,18207.11,135.2539,345.6861,267.5561,483.5879,159.0441
193.4717,175.9503,158.9295,26384.01,159.0756,328.7661,268.8575,439.6547,179.0407
210.8857,202.1781,185.7259,32583.2,184.0899,309.8294,280.51,415.2172,198.9669
228.924,225.1153,209.4761,34113.54,207.7721,294.3972,297.1103,403.3479,216.0658
247.5461,244.215,228.9258,31280.12,228.5426,288.0276,316.0449,396.7641,229.5929
262.7264,259.1409,244.0111,25011.77,246.7458,289.8652,332.6456,394.477,236.7492
273.3513,271.222,255.4787,18056.09,260.5917,299.0652,342.3418,390.9743,240.7668
278.0511,280.5384,264.2702,12259.73,270.1606,312.2134,347.2812,383.3346,241.6337
282.2121,288.5367,269.1098,8435.271,274.5221,322.8924,347.4311,372.6273,239.1977
283.4052,291.9156,267.7933,6046.788,275.6837,333.3941,350.3471,359.3151,223.6172
282.6146,296.9409,262.8213,4711.606,285.8912,360.9897,387.4969,367.7483,204.8781
286.1098,329.5661,285.1878,4002.219,334.7726,481.6862,491.8291,463.5916,209.0713
347.1385,482.1676,398.75,3558.04,536.8199,794.7638,707.1324,737.5773,314.3094
575.6621,893.693,792.7344,3405.343,995.3394,1439.702,1169.478,1277.978,672.7586
1225.988,1687.772,1612.827,3538.797,1810.248,2468.428,1874.142,2199.972,1365.585
2399.956,2850.407,2807.829,3913.9,2925.121,3641.228,2817.093,3338.864,2415.321
3697.34,4025.602,3985.128,4433.883,4033.408,4614.784,3838.701,4389.507,3597.81
4670.644,4828.344,4799.173,4872.363,4793.284,4986.52,4639.245,4926.842,4555.726
4976.918,4941.592,4981.5,4969.332,4938.974,4731.813,4994.106,4831.526,4994.212
4591.465,4379.035,4425.753,4672.442,4511.164,3911.694,4729.053,4167.248,4683.907
3625.468,3379.658,3459.279,4145.038,3657.039,2838.437,4036.168,3129.641,3879.391
2508.463,2325.895,2436.567,3539.214,2685.411,1848.869,3095.347,2111.863,2836.737
1655.984,1528.634,1655.653,2988.815,1840.817,1138.694,2176.904,1341.334,1903.994
1115.373,996.8974,1088.62,2530.387,1235.215,695.2847,1464.987,893.8186,1223.872
769.9386,695.9604,725.8834,2198.273,827.6054,422.5582,969.2885,629.7781,786.6154
535.8393,513.069,499.9165,1901.261,566.2904,291.1822,667.2781,480.2922,554.1469
384.0475,410.6071,366.7746,1666.899,424.229,225.5455,486.2735,402.5851,395.8088
300.164,345.3638,301.2556,1478.211,339.2761,187.4076,391.0114,350.4214,289.7478
241.7327,294.9773,259.0331,1311.01,273.4496,163.2696,332.8927,311.8785,226.4733
198.7799,256.9832,227.1289,1163.195,217.8078,142.8205,288.6134,285.4398,182.9842
171.2165,224.9688,202.6973,1035.079,168.7348,127.6335,252.5301,267.4433,155.1862
148.2433,199.1498,179.1666,934.27,128.9794,116.7798,216.4599,257.8281,129.5562
129.0941,182.2741,159.936,845.9711,101.2483,108.3037,185.1517,255.8969,107.1648
114.1091,168.7671,145.4153,782.4787,80.98093,102.0419,160.9684,252.8065,85.89521
101.8441,157.8814,134.4005,738.614,66.77569,96.69315,144.7599,242.4366,67.51263
91.26861,148.6852,125.7857,696.9011,56.42137,90.70151,133.6266,225.3892,54.05399
81.80067,140.748,117.8338,663.378,49.94867,83.57786,125.123,205.0479,44.32603
74.04645,134.0911,110.8796,635.9232,44.18176,76.8482,118.374,185.3142,38.54573
65.97208,129.8118,103.9945,615.0043,39.84649,70.83884,113.4128,168.564,35.12346
59.03434,126.9317,96.50606,585.8234,35.94707,65.91908,108.2142,154.3367,33.21317
52.7254,123.8267,89.53257,566.4143,33.00763,63.38091,103.4915,142.8825,32.61966
47.47028,121.88,83.78217,548.432,30.08806,62.03611,99.29733,134.3656,32.05175
43.35893,120.2537,78.89202,530.6395,27.15209,60.62785,95.60811,127.1177,31.06647
39.85476,119.2025,74.5359,517.9936,24.63716,58.73145,92.72106,121.2019,29.66748
35.96445,119.5807,71.26752,506.9614,22.432,56.99828,90.93694,116.2178,27.68213
32.62893,120.7669,68.74227,499.0583,20.79064,55.28453,90.83794,111.2868,25.6531
29.37231,121.036,65.81116,483.4133,19.29459,53.79591,91.65703,105.8038,23.39849
26.34813,121.1762,63.124,472.1914,18.41779,52.56173,93.78113,100.6572,21.67395
24.13453,121.4568,60.81415,460.4798,17.62096,51.62652,95.71122,96.63352,20.17194
22.15486,121.1907,58.63753,444.132,16.77056,50.67651,97.26143,93.26978,19.16964
20.47754,121.394,57.03073,434.5343,16.11908,49.86871,98.00394,90.00765,18.87757
17.69532,122.4952,55.74913,425.398,15.17644,49.45081,100.1357,87.06658,18.9873
15.51246,123.3165,54.90475,418.4226,14.1789,49.52772,102.0339,83.04612,19.17132
14.07055,123.1762,53.96178,414.8912,12.83634,49.95011,105.3658,79.22762,19.24074
12.91267,123.0222,53.09733,414.5347,11.75354,50.45986,109.2575,74.33895,19.07161
12.21502,122.7935,51.95634,414.5697,10.66439,51.02254,114.4533,69.95486,18.47891
11.87627,122.6457,51.79509,32.71814,9.562562,51.99891,119.2178,66.75624,18.00362
10.56127,122.6852,51.74363,0,8.546761,53.20712,125.7405,64.18613,17.12643
8.405263,122.7298,51.65599,0,7.700981,54.34209,132.028,61.79134,15.99568
5.649126,123.4275,50.96911,0,7.085948,0,137.6686,59.93548,10.46496
3.687533,123.4652,50.32751,0,3.632345,0,144.0496,58.66816,0
2.23914,123.2738,49.40567,0,0,0,149.0786,57.76017,0
0.9498316,123.986,48.69841,0,0,0,153.3836,56.71032,0
0.4483296,124.2916,6.448606,0,0,0,156.8436,56.05517,0
0.1456131,123.992,0,0,0,0,159.1506,55.44141,0
0,123.9556,0,0,0,0,0,54.84009,0
0,125.3826,0,0,0,0,0,54.51464,0
0,126.4558,0,0,0,0,0,47.74948,0
0,0,0,0,0,0,0,0,0
0,0,0,0,0,0,0,0,0
0,0,0,0,0,0,0,0,0
0,0,0,0,0,0,0,0,0
0,0,0,0,0,0,0,0,0
0,0,0,0,0,0,0,0,0
0,0,0,0,0,0,0,0,0
0,0,0,0,0,0,0,0,0
0,0,0,0,0,0,0,0,0
0,0,0,0,0,0,0,0,0
0,0,0,0,0,0,0,0,0
0,0,0,0,0,0,0,0,0
0,0,0,0,0,0,0,0,0
0,0,0,0,0,0,0,0,0
0,0,0,0,0,0,0,0,0
0,0,0,0,0,0,0,0,0
0,0,0,0,0,0,0,0,0
0,0,0,0,0,0,0,0,0
0,0,0,0,0,0,0,0,0
0,0,0,0,0,0,0,0,0
0,0,0,0,0,0,0,0,0
0,0,0,0,0,0,0,0,0
0,0,0,0,0,0,0,0,0
0,0,0,0,0,0,0,0,0
0,0,0,0,0,0,0,0,0
0,0,0,0,0,0,0,0,0
0,0,0,0,0,0,0,0,0
0,0,0,0,0,0,0,0,0
0,0,0,0,0,0,0,0,0
0,0,0,0,0,0,0,0,0
0,0,0,0,0,0,0,0,0
0,0,0,0,0,0,0,0,0
0,0,0,0,0,0,0,0,0
0,0,0,0,0,0,0,0,0
0,0,0,0,0,0,0,0,0
0,0,0,0,0,0,0,0,0
0,0,0,0,0,0,0,0,0
0,0,0,0,0,0,0,0,0
0,0,0,0,0,0,0,0,0
0,0,0,0,0,0,0,0,0
0,0,0,0,0,0,0,0,0
0,0,0,0,0,0,0,0,0
0,0,0,0,0,0,0,0,0
0,0,0,0,0,0,0,0,0
0,0,0,0,0,0,0,0,0
0,0,0,0,0,0,0,0,0
0,0,0,0,0,0,0,0,0
0,0,0,0,0,0,0,0,0
0,0,0,0,0,0,0,0,0
0,0,0,0,0,0,0,0,0
0,0,0,0,0,0,0,0,0
0,0,0,0,0,0,0,0,0
0,0,0,0,0,0,0,0,0
0,0,0,0,0,0,0,0,0
0,0,0,0,0,0,0,0,0
0,0,0,0,0,0,0,0,0
0,0,0,0,0,0,0,0,0
0,0,0,0,0,0,0,0,0
0,0,0,0,0,0,0,0,0
