plasmid	RE	splicing_efficiency	donor_pos	donor_prob	donor_rank	acceptor_pos	acceptor_prob	acceptor_rank
SAAL_7	SAAL	0.6881284543403348	132	0.4643713	1	263	0.59845936	1
pABL_4	pABL	0.6073781291172595	132	0.6968802	1	229	0.69313383	1
LBAp_7	LBAp	0.2177394585582028	132	0.38717943	1	262	0.6583994	1
pBAS_7	pBAS	0.1400576609255263	171	0.42459792	1	266	0.4909255	2
pSAB_2	pSAB	0.8266818700114025	132	0.4458522	2	262	0.653619	1
BBBB_22	BBBB	0.0192592592592593	73	0.0018979702	18	320	0.0377777	5
ApAS_1	ApAS	0.8399461522588397	132	0.760233	1	266	0.37377048	2
AAAB_4	AAAB	0.9896055996190072	132	0.8123988	1	262	0.77810943	1
BABB_7	BABB	0.9493712566856818	132	0.6730429	1	229	0.66964257	1
pAAp_8	pAAp	0.9529860228716646	171	0.95763457	1	262	0.9273404	1
LAAS_8	LAAS	0.4669848498117173	132	0.42180142	1	266	0.36083537	2
ASAp_9	ASAp	0.9529250713016092	132	0.8575593	1	262	0.82074326	1
pABL_3	pABL	0.6073781291172595	132	0.6508093	1	229	0.67778236	1
SApL_8	SApL	0.2656410256410256	132	0.82388294	1	229	0.8577344	1
pSAB_5	pSAB	0.8266818700114025	132	0.43229374	2	262	0.6520746	1
BBBB_25	BBBB	0.0192592592592593	73	0.0018795965	24	320	0.038669676	6
ApAS_6	ApAS	0.8399461522588397	132	0.733771	1	266	0.38277254	2
pApp_7	pApp	0.6111111111111112	132	0.53046596	1	229	0.7221403	1
LApS_7	LApS	0.340108113445067	132	0.44452077	1	229	0.85131323	1
AAAB_3	AAAB	0.9896055996190072	132	0.88017833	1	262	0.8293932	1
SBAp_1	SBAp	0.3675048355899419	132	0.592063	1	262	0.64318866	1
pLAp_1	pLAp	0.6229508196721312	171	0.463764	1	262	0.7113447	1
ApAL_8	ApAL	0.4638274336283186	132	0.5171445	1	263	0.5842252	1
LApL_9	LApL	0.4585635359116022	132	0.61585927	1	229	0.8160976	1
LAAL_1	LAAL	0.3418803418803419	132	0.36359116	1	263	0.52258885	1
AABA_1	AABA	0.013331470916897	132	0.30651823	1	320	0.16794321	2
BpAp_7	BpAp	0.5651343234346113	132	0.38297734	2	262	0.6332845	1
AASA_9	AASA	0.0249008163576714	132	0.31785253	1	320	0.2617217	1
SApS_6	SApS	0.2359696142854837	132	0.59886676	1	229	0.7155073	1
pLAp_6	pLAp	0.6229508196721312	171	0.45036554	1	262	0.69087	1
SBAp_6	SBAp	0.3675048355899419	132	0.5358555	1	262	0.6978621	1
LAAL_6	LAAL	0.3418803418803419	132	0.31545833	1	263	0.4846016	1
AABA_6	AABA	0.013331470916897	132	0.37237448	1	320	0.24894157	2
BBAB_10	BBAB	0.8260030472320975	132	0.4948636	1	262	0.5707216	1
SAAS_9	SAAS	0.9291965658902196	132	0.5707416	1	266	0.3488678	2
pBAL_9	pBAL	0.0110795007087729	171	0.2769278	2	263	0.40792093	1
ALAS_10	ALAS	0.8410869810045799	132	0.74280775	1	266	0.48251376	2
SApS_1	SApS	0.2359696142854837	132	0.63673246	1	229	0.7529837	1
ppAp_5	ppAp	0.7487849691797059	171	0.45590466	1	262	0.6709424	1
AApS_4	AApS	0.9670579670579672	132	0.8330908	1	229	0.8698683	1
AALp_3	AALp	0.7802197802197802	132	0.45694423	1	230	0.45695496	1
ApAB_9	ApAB	0.9479921623340652	132	0.8379018	1	262	0.77304673	1
pApA_8	pApA	0.2936427850655903	171	0.403936	1	320	0.30902308	1
LApB_8	LApB	0.666060606060606	132	0.4797644	1	229	0.82452315	1
ppAA_10	ppAA	0.2601768906559389	204	0.45459217	1	320	0.43980193	1
BBBB_30	BBBB	0.0192592592592593	73	0.0019974832	17	320	0.06563766	4
ABAp_3	ABAp	0.9666821611770254	132	0.88309795	1	262	0.79063904	1
BLAp_3	BLAp	0.1023017902813299	132	0.38241503	1	262	0.7543732	1
ASAA_6	ASAA	0.0901298701298701	132	0.3167649	1	320	0.37878203	1
ppAp_2	ppAp	0.7487849691797059	171	0.5253154	1	262	0.6672494	1
BABS_8	BABS	0.4637096774193548	132	0.48451647	1	229	0.69258827	1
AApS_3	AApS	0.9670579670579672	132	0.85435045	1	229	0.8846555	1
pAAA_7	pAAA	0.7579365079365079	171	0.6746992	1	320	0.43526706	1
LAAB_7	LAAB	0.947892498066512	132	0.53190845	1	262	0.578001	1
AALp_4	AALp	0.7802197802197802	132	0.47468773	1	230	0.4725224	1
pBAB_8	pBAB	0.8768785425101214	171	0.6634836	1	262	0.62501097	1
SLAB_8	SLAB	0.2681335213985354	132	0.49988413	1	262	0.7451727	1
BBBB_37	BBBB	0.0192592592592593	73	0.0018433299	17	320	0.035922907	6
BLAp_4	BLAp	0.1023017902813299	132	0.4201104	1	262	0.6696168	1
ABAp_4	ABAp	0.9666821611770254	132	0.7692626	1	262	0.72465086	1
ASAA_1	ASAA	0.0901298701298701	132	0.3020849	1	320	0.3978492	1
AASp_1	AASp	0.9002051060614239	132	0.81103534	1	233	0.5048049	1
ABAp_10	ABAp	0.9666821611770254	132	0.8006485	1	262	0.7739667	1
pABB_5	pABB	0.7381174277726001	132	0.5070285	1	229	0.681801	1
AABp_9	AABp	0.9916346353523836	132	0.9315592	1	229	0.88578415	1
SAAB_6	SAAB	0.9771742589669178	132	0.5925224	1	262	0.73047304	1
BApp_2	BApp	0.7782659959474917	132	0.57135975	1	229	0.7725903	1
BABL_6	BABL	0.7510104587447637	132	0.6017246	1	229	0.6980213	1
ALAS_5	ALAS	0.8410869810045799	132	0.6273302	1	266	0.51900023	2
ASBB_3	ASBB	0.0556338028169014	132	0.50444275	1	248	0.24695256	3
LLAB_9	LLAB	0.1889908256880733	132	0.4184155	1	262	0.5801197	1
AAAL_5	AAAL	0.9151668773364172	132	0.58686906	1	263	0.57888556	1
pABB_2	pABB	0.7381174277726001	132	0.440492	2	229	0.7061156	1
BpAA_8	BpAA	0.10239651416122	204	0.50815314	1	320	0.435193	1
AASp_6	AASp	0.9002051060614239	132	0.7594542	1	233	0.391323	2
SApB_9	SApB	0.5073244886677722	132	0.6486696	1	229	0.7998909	1
LBAp_10	LBAp	0.2177394585582028	132	0.3877345	1	262	0.57076377	1
BApp_5	BApp	0.7782659959474917	132	0.77602816	1	229	0.7249804	1
SAAB_1	SAAB	0.9771742589669178	132	0.6953639	1	262	0.7673305	1
ALAS_2	ALAS	0.8410869810045799	132	0.5979916	1	266	0.5047261	2
BpBp_10	BpBp	0.010462397224108	73	0.0022188306	11	320	0.008257401	10
BABL_1	BABL	0.7510104587447637	132	0.78031886	1	229	0.7488343	1
BSAB_7	BSAB	0.718051662256687	132	0.5103541	1	262	0.54040897	1
BASL_9	BASL	0.16661070832765	132	0.6509907	1	233	0.6148327	1
ASBB_4	ASBB	0.0556338028169014	132	0.49325833	1	248	0.09119947	3
AAAL_2	AAAL	0.9151668773364172	132	0.58582276	1	263	0.5852425	1
BAAS_1	BAAS	0.2976878612716763	132	0.42879933	1	266	0.31939596	2
BpAB_4	BpAB	0.6950989437186395	132	0.40435416	1	262	0.5598892	1
7pcx2_10	7pcx2	0.0526315789473684	73	0.0023942327	14	320	0.03009978	5
BApS_9	BApS	0.2006578947368421	132	0.49357527	1	229	0.7902933	1
AABS_2	AABS	0.9723137466122306	132	0.8176449	1	229	0.81330234	1
ABAL_1	ABAL	0.6635362967377066	132	0.5593091	1	263	0.5032823	1
BLAL_1	BLAL	0.0355871886120996	132	0.32896593	1	263	0.4250064	1
SpAp_8	SpAp	0.1824324324324324	132	0.66565585	1	262	0.64013386	1
LABS_10	LABS	0.2714285714285714	132	0.48214063	1	229	0.6995157	1
AALL_1	AALL	0.8693784016041248	132	0.5983597	1	230	0.56542265	1
pLAB_2	pLAB	0.818980774127833	171	0.44743747	1	262	0.7929255	1
SBAB_2	SBAB	0.6826221132229716	132	0.5219814	1	262	0.6614701	1
BAAS_6	BAAS	0.2976878612716763	132	0.5157792	1	266	0.3287749	2
LABB_9	LABB	0.7466952483029654	132	0.51777345	1	229	0.7657568	1
pABA_9	pABA	0.2184590594413942	171	0.3742591	1	320	0.2512763	1
BpAB_3	BpAB	0.6950989437186395	132	0.30292764	2	262	0.4057117	1
BLAL_6	BLAL	0.0355871886120996	132	0.3309173	1	263	0.3652236	1
ABAL_6	ABAL	0.6635362967377066	132	0.51672536	1	263	0.5663773	1
AABS_5	AABS	0.9723137466122306	132	0.8853286	1	229	0.86661065	1
ALAp_9	ALAp	0.9598972228959496	132	0.8430368	1	262	0.7761362	1
BBAp_9	BBAp	0.5898098387763538	132	0.46654004	1	262	0.6842103	1
SBAB_5	SBAB	0.6826221132229716	132	0.5250657	1	262	0.5753424	1
pLAB_5	pLAB	0.818980774127833	171	0.4788015	1	262	0.72133446	1
AABS_10	AABS	0.9723137466122306	132	0.8212805	1	229	0.8448981	1
AALL_6	AALL	0.8693784016041248	132	0.6207692	1	230	0.56225103	1
SAAB_10	SAAB	0.9771742589669178	132	0.6138315	1	262	0.6992963	1
BABp_4	BABp	0.867669915487485	132	0.5991723	1	229	0.68996215	1
pALA_4	pALA	0.3724610679872442	171	0.40570578	1	320	0.36989027	1
pApB_3	pApB	0.8519515477792732	132	0.53018224	1	229	0.69402426	1
AAAp_7	AAAp	0.9867391612369322	132	0.9231693	1	262	0.92993605	1
AALS_8	AALS	0.672514619883041	132	0.5252058	1	230	0.504115	1
ApAA_2	ApAA	0.5425925925925925	132	0.22859648	1	320	0.2905238	1
SABB_8	SABB	0.7693972502067989	132	0.7438752	1	229	0.6616394	1
pSAp_1	pSAp	0.7349397590361446	132	0.34773272	1	262	0.64205086	1
BAAL_8	BAAL	0.5098474801061008	132	0.41927132	1	263	0.5017994	1
AASL_3	AASL	0.9258278085550812	132	0.9127838	1	233	0.6755139	1
LBAB_4	LBAB	0.3506475445458497	132	0.42047006	1	262	0.5742158	1
pBAA_4	pBAA	0.0122581201659973	171	0.1763442	2	320	0.4082685	1
ABAS_8	ABAS	0.6186868686868687	132	0.748317	1	266	0.49249554	2
AApp_8	AApp	0.9476016110492474	132	0.8650843	1	229	0.85707474	1
BApB_10	BApB	0.8670700551297567	132	0.59291995	1	229	0.7133299	1
pALA_3	pALA	0.3724610679872442	171	0.50970185	1	320	0.3077395	1
ppAS_9	ppAS	0.0132890365448504	171	0.4088366	1	266	0.26338857	2
LpAp_9	LpAp	0.120754716981132	132	0.2541086	2	262	0.56054294	1
BABp_3	BABp	0.867669915487485	132	0.6588735	1	229	0.73692304	1
pApB_4	pApB	0.8519515477792732	132	0.4851173	1	229	0.70862997	1
ApAA_5	ApAA	0.5425925925925925	132	0.33732063	1	320	0.35455376	1
pSAp_6	pSAp	0.7349397590361446	132	0.4072834	2	262	0.6716345	1
pBAA_3	pBAA	0.0122581201659973	171	0.20256238	1	320	0.4169177	1
LBAB_3	LBAB	0.3506475445458497	132	0.4253494	1	262	0.5229886	1
AASL_4	AASL	0.9258278085550812	132	0.9147212	1	233	0.6930429	1
BApL_7	BApL	0.4728067575577949	132	0.7730114	1	229	0.83113784	1
BBBB_46	BBBB	0.0192592592592593	73	0.002441564	10	320	0.016504776	8
pApL_2	pApL	0.3862374667827873	132	0.7021084	1	229	0.8080813	1
BBBB_13	BBBB	0.0192592592592593	73	0.0019102178	14	320	0.033758596	6
SABL_9	SABL	0.5570015756478595	132	0.8441844	1	229	0.66888666	1
BSAp_3	BSAp	0.6853254102999434	132	0.41393176	1	262	0.6892602	1
SASL_1	SASL	0.0811969439728352	132	0.7351085	1	233	0.5130733	1
BApB_1	BApB	0.8670700551297567	132	0.61676455	1	229	0.75261	1
SAAp_5	SAAp	0.9588645591561576	132	0.7212695	1	262	0.75521237	1
BAAB_9	BAAB	0.9804554101902264	132	0.6112093	1	262	0.74661934	1
BAAL_10	BAAL	0.5098474801061008	132	0.33333582	1	263	0.50549716	1
LABS_6	LABS	0.2714285714285714	132	0.40770847	1	229	0.78036034	1
pABp_6	pABp	0.714364798237573	132	0.61106074	1	229	0.65107775	1
AASB_2	AASB	0.7726396917148363	132	0.700067	1	233	0.54853725	1
pApL_5	pApL	0.3862374667827873	132	0.6337124	1	229	0.71176594	1
SSAB_8	SSAB	0.595902256771822	132	0.57510775	1	262	0.54667085	1
BBBB_41	BBBB	0.0192592592592593	73	0.001964673	26	320	0.04181627	4
BBBB_14	BBBB	0.0192592592592593	73	0.0018618762	18	320	0.06661099	4
BSAp_4	BSAp	0.6853254102999434	132	0.39090955	1	262	0.6830068	1
SASL_6	SASL	0.0811969439728352	132	0.75921464	1	233	0.51907384	1
SAAp_2	SAAp	0.9588645591561576	132	0.80573064	1	262	0.7660569	1
BApB_6	BApB	0.8670700551297567	132	0.5744066	1	229	0.7582357	1
SpAA_7	SpAA	0.0315457413249211	204	0.29509377	1	320	0.34052783	1
AASB_5	AASB	0.7726396917148363	132	0.8271796	1	233	0.5969041	1
SApL_10	SApL	0.2656410256410256	132	0.7965374	1	229	0.8075158	1
ASAA_10	ASAA	0.0901298701298701	132	0.30611622	1	320	0.39413655	1
pABp_1	pABp	0.714364798237573	132	0.6483892	1	229	0.713649	1
LABS_1	LABS	0.2714285714285714	132	0.46762434	1	229	0.6865802	1
ASAS_5	ASAS	0.8760930025586828	132	0.6510688	1	266	0.42252034	2
LASL_7	LASL	0.0527156549520766	132	0.51370555	1	233	0.507759	1
BBBB_3	BBBB	0.0192592592592593	73	0.0023781385	10	320	0.015103784	8
LSAB_9	LSAB	0.3205555389331498	132	0.38904303	1	262	0.6258009	1
AApp_10	AApp	0.9476016110492474	132	0.91508466	1	229	0.90817463	1
AApA_7	AApA	0.3262471655328798	132	0.44484383	1	320	0.30799	1
BpBp_9	BpBp	0.010462397224108	73	0.0028847964	18	320	0.028534632	6
LAAp_3	LAAp	0.8893891210964382	132	0.55852586	1	262	0.68462706	1
pAAS_3	pAAS	0.9374096869146374	171	0.9019372	1	266	0.50750715	2
ppAB_6	ppAB	0.8115021997665693	171	0.5607816	1	262	0.57854253	1
LpAA_6	LpAA	0.1621263136414652	204	0.5134397	1	320	0.3453996	1
ASAS_2	ASAS	0.8760930025586828	132	0.6092631	1	266	0.45889443	2
ABAB_7	ABAB	0.9908850977149204	132	0.7564352	1	262	0.71236336	1
BLAB_7	BLAB	0.6559474412171508	132	0.4338544	1	262	0.58468735	1
BBBB_4	BBBB	0.0192592592592593	73	0.0021845077	10	320	0.023756545	8
LABL_8	LABL	0.649771374342162	132	0.5687866	1	229	0.79099464	1
pAAp_10	pAAp	0.9529860228716646	171	0.95733464	1	262	0.8977319	1
AAAA_8	AAAA	0.3661971830985915	132	0.44768515	1	320	0.35222292	1
AALB_7	AALB	0.8576857708879986	132	0.5379622	1	230	0.43634564	1
SABS_7	SABS	0.3073852295409182	132	0.55380315	1	229	0.7505164	1
pAAS_4	pAAS	0.9374096869146374	171	0.87411386	1	266	0.5110558	2
LApp_10	LApp	0.5117079889807162	132	0.5046285	1	229	0.83955544	1
LAAp_4	LAAp	0.8893891210964382	132	0.450797	1	262	0.72125643	1
LpAA_1	LpAA	0.1621263136414652	204	0.5228612	1	320	0.44781312	1
ppAB_1	ppAB	0.8115021997665693	171	0.49187335	1	262	0.6070281	1
BBBB_36	BBBB	0.0192592592592593	73	0.0019484455	22	320	0.04178718	4
SLAB_9	SLAB	0.2681335213985354	132	0.50668997	1	262	0.69617784	1
pBAB_9	pBAB	0.8768785425101214	171	0.5120656	1	262	0.5894949	1
ABAp_5	ABAp	0.9666821611770254	132	0.9181658	1	262	0.8447403	1
BLAp_5	BLAp	0.1023017902813299	132	0.37989125	1	262	0.65697277	1
pApL_10	pApL	0.3862374667827873	132	0.62655586	1	229	0.7523263	1
LAAB_6	LAAB	0.947892498066512	132	0.47865433	1	262	0.5875753	1
pAAA_6	pAAA	0.7579365079365079	171	0.6264629	1	320	0.36716142	1
AApS_2	AApS	0.9670579670579672	132	0.8407707	1	229	0.83273184	1
BABS_9	BABS	0.4637096774193548	132	0.5512396	1	229	0.75594985	1
ppAp_3	ppAp	0.7487849691797059	171	0.5140825	1	262	0.6545348	1
LAAL_10	LAAL	0.3418803418803419	132	0.31316572	1	263	0.52334	1
AALp_5	AALp	0.7802197802197802	132	0.5220367	1	230	0.49004284	1
AABA_10	AABA	0.013331470916897	132	0.41357756	1	320	0.21819735	1
BBBB_31	BBBB	0.0192592592592593	73	0.0020324118	25	320	0.06205998	4
ASAA_7	ASAA	0.0901298701298701	132	0.27536082	1	320	0.32162505	1
BLAp_2	BLAp	0.1023017902813299	132	0.4269348	1	262	0.57839423	1
ABAp_2	ABAp	0.9666821611770254	132	0.6908077	1	262	0.69595677	1
AAAL_10	AAAL	0.9151668773364172	132	0.6718799	1	263	0.64573604	1
AApS_5	AApS	0.9670579670579672	132	0.8623765	1	229	0.8827012	1
pAAA_1	pAAA	0.7579365079365079	171	0.53790766	1	320	0.36928275	1
LAAB_1	LAAB	0.947892498066512	132	0.53081495	1	262	0.7079183	1
ppAp_4	ppAp	0.7487849691797059	171	0.5173067	1	262	0.64821255	1
LApB_9	LApB	0.666060606060606	132	0.5319339	1	229	0.7848932	1
pApA_9	pApA	0.2936427850655903	171	0.49517646	1	320	0.33673537	1
AALp_2	AALp	0.7802197802197802	132	0.56437635	1	230	0.5294675	1
ApAB_8	ApAB	0.9479921623340652	132	0.75586396	1	262	0.7359621	1
BSAB_6	BSAB	0.718051662256687	132	0.42877954	1	262	0.6547891	1
ALAS_3	ALAS	0.8410869810045799	132	0.6859802	1	266	0.5296718	2
AAAL_3	AAAL	0.9151668773364172	132	0.6918781	1	263	0.6393579	1
ASBB_5	ASBB	0.0556338028169014	132	0.45531493	1	248	0.14670905	3
BASL_8	BASL	0.16661070832765	132	0.69942033	1	233	0.54505503	1
SApB_8	SApB	0.5073244886677722	132	0.7361482	1	229	0.71143055	1
BpAA_9	BpAA	0.10239651416122	204	0.3533449	1	320	0.32160157	1
AASp_7	AASp	0.9002051060614239	132	0.7510109	1	233	0.48812294	1
pABB_3	pABB	0.7381174277726001	132	0.48059696	2	229	0.68368006	1
BApp_4	BApp	0.7782659959474917	132	0.6184691	1	229	0.70293033	1
SAAp_10	SAAp	0.9588645591561576	132	0.663117	1	262	0.7766953	1
BSAB_1	BSAB	0.718051662256687	132	0.4376971	1	262	0.5537585	1
ALAS_4	ALAS	0.8410869810045799	132	0.77684194	1	266	0.45451337	2
BABL_7	BABL	0.7510104587447637	132	0.7814515	1	229	0.6855172	1
AAAL_4	AAAL	0.9151668773364172	132	0.5874576	1	263	0.5828377	1
ASBB_2	ASBB	0.0556338028169014	132	0.492273	1	248	0.20566037	3
LLAB_8	LLAB	0.1889908256880733	132	0.37236378	1	262	0.710312	1
pABB_4	pABB	0.7381174277726001	132	0.504712	1	229	0.6418349	1
BApp_3	BApp	0.7782659959474917	132	0.48209733	1	229	0.6918642	1
SAAB_7	SAAB	0.9771742589669178	132	0.7483585	1	262	0.7285322	1
BApp_10	BApp	0.7782659959474917	132	0.6046698	1	229	0.76800334	1
AABp_8	AABp	0.9916346353523836	132	0.9533833	1	229	0.91207826	1
AAAB_2	AAAB	0.9896055996190072	132	0.9123007	1	262	0.8748129	1
LApS_6	LApS	0.340108113445067	132	0.4533794	1	229	0.8047614	1
pApp_6	pApp	0.6111111111111112	132	0.55966634	1	229	0.7436131	1
ApAS_7	ApAS	0.8399461522588397	132	0.8571576	1	266	0.5430867	2
BABB_1	BABB	0.9493712566856818	132	0.61608374	1	229	0.6917604	1
ASAp_8	ASAp	0.9529250713016092	132	0.9192443	1	262	0.8794857	1
SAAL_1	SAAL	0.6881284543403348	132	0.52934635	1	263	0.45998493	1
BABS_10	BABS	0.4637096774193548	132	0.5456728	1	229	0.74374354	1
BBBB_24	BBBB	0.0192592592592593	73	0.0019817469	16	320	0.026314905	8
pSAB_4	pSAB	0.8266818700114025	132	0.34633836	2	262	0.6854591	1
SApL_9	SApL	0.2656410256410256	132	0.75357854	1	229	0.8227132	1
LBAp_1	LBAp	0.2177394585582028	132	0.37383512	1	262	0.56679475	1
pBAS_1	pBAS	0.1400576609255263	171	0.25192255	2	266	0.49002212	2
pABL_2	pABL	0.6073781291172595	132	0.70886075	1	229	0.723863	1
ASAS_10	ASAS	0.8760930025586828	132	0.8533532	1	266	0.5310743	2
pApp_1	pApp	0.6111111111111112	132	0.5517306	1	229	0.7265947	1
LApS_1	LApS	0.340108113445067	132	0.4537937	1	229	0.83828783	1
AAAB_5	AAAB	0.9896055996190072	132	0.8301466	1	262	0.85002744	1
LAAS_9	LAAS	0.4669848498117173	132	0.3264666	1	266	0.33476228	2
pAAp_9	pAAp	0.9529860228716646	171	0.9602617	1	262	0.9346811	1
BABB_6	BABB	0.9493712566856818	132	0.66245383	1	229	0.6616576	1
SAAL_6	SAAL	0.6881284543403348	132	0.4603904	1	263	0.5956907	1
BBBB_23	BBBB	0.0192592592592593	73	0.0020507653	13	320	0.016404167	8
pSAB_3	pSAB	0.8266818700114025	132	0.42896062	2	262	0.6675925	1
pABL_5	pABL	0.6073781291172595	132	0.77824533	1	229	0.6683954	1
pBAS_6	pBAS	0.1400576609255263	171	0.36906797	1	266	0.4512599	2
LBAp_6	LBAp	0.2177394585582028	132	0.37590545	1	262	0.6426671	1
SAAS_8	SAAS	0.9291965658902196	132	0.52814966	1	266	0.37666062	2
AABA_7	AABA	0.013331470916897	132	0.33825007	1	320	0.21829	2
pBAL_8	pBAL	0.0110795007087729	171	0.30106106	2	263	0.5463011	1
AApB_10	AApB	0.9756838905775076	132	0.8909272	1	229	0.89248836	1
BpAp_1	BpAp	0.5651343234346113	132	0.3735926	1	262	0.59077597	1
SBAp_7	SBAp	0.3675048355899419	132	0.53555363	1	262	0.7375975	1
pLAp_7	pLAp	0.6229508196721312	171	0.40853244	1	262	0.7275038	1
LAAL_7	LAAL	0.3418803418803419	132	0.33102933	1	263	0.52498907	1
LApB_10	LApB	0.666060606060606	132	0.48826414	1	229	0.71430016	1
SApS_7	SApS	0.2359696142854837	132	0.59187496	1	229	0.8030159	1
BpAp_6	BpAp	0.5651343234346113	132	0.31106552	2	262	0.6121979	1
AASA_8	AASA	0.0249008163576714	132	0.37788853	1	320	0.2912449	1
pAAB_10	pAAB	0.9798373362237548	171	0.95283794	1	262	0.8808115	1
LApL_8	LApL	0.4585635359116022	132	0.77245766	1	229	0.70241725	1
ApAL_9	ApAL	0.4638274336283186	132	0.58274174	1	263	0.61096656	1
pBAL_10	pBAL	0.0110795007087729	171	0.29840982	2	263	0.5168537	1
SpAA_6	SpAA	0.0315457413249211	204	0.23406067	1	320	0.34597144	1
BApB_7	BApB	0.8670700551297567	132	0.51310027	1	229	0.73517287	1
SAAp_3	SAAp	0.9588645591561576	132	0.8217009	1	262	0.8062192	1
AASB_4	AASB	0.7726396917148363	132	0.6615881	1	233	0.5410314	1
pALA_10	pALA	0.3724610679872442	171	0.4192749	1	320	0.442012	1
BBBB_15	BBBB	0.0192592592592593	73	0.0018037535	18	320	0.048269786	4
SSAB_9	SSAB	0.595902256771822	132	0.5883802	1	262	0.69531715	1
pApL_4	pApL	0.3862374667827873	132	0.641005	1	229	0.77153873	1
BBBB_40	BBBB	0.0192592592592593	73	0.0019913502	14	320	0.02269674	8
SASL_7	SASL	0.0811969439728352	132	0.759671	1	233	0.4780621	1
BSAp_5	BSAp	0.6853254102999434	132	0.4232726	1	262	0.6408683	1
SpAA_10	SpAA	0.0315457413249211	204	0.36723298	1	320	0.36240518	1
SpAA_1	SpAA	0.0315457413249211	204	0.3373708	1	320	0.31692705	1
SAAp_4	SAAp	0.9588645591561576	132	0.7437825	1	262	0.7960223	1
AASB_3	AASB	0.7726396917148363	132	0.68990535	1	233	0.5547484	1
pABp_7	pABp	0.714364798237573	132	0.61097956	1	229	0.73203224	1
LABS_7	LABS	0.2714285714285714	132	0.41935807	1	229	0.8014285	1
BAAB_8	BAAB	0.9804554101902264	132	0.6089479	1	262	0.7543387	1
ABSA_10	ABSA	0.0153088153918188	132	0.33242145	1	320	0.2691519	2
SABL_8	SABL	0.5570015756478595	132	0.76562846	1	229	0.7718321	1
BBBB_12	BBBB	0.0192592592592593	73	0.0020376805	24	320	0.047780495	4
BBBB_47	BBBB	0.0192592592592593	73	0.0016831812	31	320	0.026175717	8
pApL_3	pApL	0.3862374667827873	132	0.5978843	1	229	0.7177131	1
BSAp_2	BSAp	0.6853254102999434	132	0.5585685	1	262	0.6356152	1
SABS_6	SABS	0.3073852295409182	132	0.57787865	1	229	0.78302175	1
AALB_6	AALB	0.8576857708879986	132	0.5051371	1	230	0.53977937	1
AAAA_9	AAAA	0.3661971830985915	132	0.393591	1	320	0.34855622	1
AApA_1	AApA	0.3262471655328798	132	0.45918122	1	320	0.28785518	1
LAAp_5	LAAp	0.8893891210964382	132	0.46101576	1	262	0.7253777	1
pAAS_5	pAAS	0.9374096869146374	171	0.86826056	1	266	0.39919236	2
BLAB_6	BLAB	0.6559474412171508	132	0.5184607	1	262	0.5394126	1
LASL_1	LASL	0.0527156549520766	132	0.41113892	1	233	0.47021946	2
ABAB_6	ABAB	0.9908850977149204	132	0.8632555	1	262	0.72866756	1
ASAS_3	ASAS	0.8760930025586828	132	0.6256731	1	266	0.5147788	2
LABL_9	LABL	0.649771374342162	132	0.5912901	1	229	0.6938847	1
BBBB_5	BBBB	0.0192592592592593	73	0.0018505203	28	320	0.031164655	6
AALB_1	AALB	0.8576857708879986	132	0.48025694	1	230	0.48378786	1
SABS_1	SABS	0.3073852295409182	132	0.567499	1	229	0.76497966	1
LpAA_7	LpAA	0.1621263136414652	204	0.3051686	1	320	0.41405916	1
ppAB_7	ppAB	0.8115021997665693	171	0.5340537	1	262	0.63849217	1
pAAS_2	pAAS	0.9374096869146374	171	0.8520916	1	266	0.44331518	2
LAAp_2	LAAp	0.8893891210964382	132	0.5309871	1	262	0.726704	1
BBAp_10	BBAp	0.5898098387763538	132	0.48488292	1	262	0.69143295	1
AApA_6	AApA	0.3262471655328798	132	0.38643283	1	320	0.21024291	1
BpBp_8	BpBp	0.010462397224108	73	0.0011004255	11	320	0.0066061816	9
ABAB_1	ABAB	0.9908850977149204	132	0.8696064	1	262	0.7472417	1
LASL_6	LASL	0.0527156549520766	132	0.46317226	1	233	0.52237976	1
BLAB_1	BLAB	0.6559474412171508	132	0.40949363	1	262	0.6984788	1
ASAS_4	ASAS	0.8760930025586828	132	0.7470702	1	266	0.4499711	2
LSAB_8	LSAB	0.3205555389331498	132	0.3512977	1	262	0.6203152	1
BBBB_2	BBBB	0.0192592592592593	73	0.0018624179	23	320	0.063370764	4
BBAp_8	BBAp	0.5898098387763538	132	0.4413301	1	262	0.67568135	1
ALAp_8	ALAp	0.9598972228959496	132	0.8569163	1	262	0.7258345	1
pLAB_4	pLAB	0.818980774127833	171	0.57381505	1	262	0.5696149	1
AALL_7	AALL	0.8693784016041248	132	0.6174146	1	230	0.56402105	1
SBAB_4	SBAB	0.6826221132229716	132	0.71235394	1	262	0.6308075	1
ppAS_10	ppAS	0.0132890365448504	171	0.4372077	1	266	0.27350995	2
BpAB_2	BpAB	0.6950989437186395	132	0.5116504	1	262	0.58772695	1
pABA_8	pABA	0.2184590594413942	171	0.33154044	1	320	0.30782002	1
LABB_8	LABB	0.7466952483029654	132	0.44776493	1	229	0.8054851	1
BAAS_7	BAAS	0.2976878612716763	132	0.45239902	1	266	0.38106814	2
ABAL_7	ABAL	0.6635362967377066	132	0.50388014	1	263	0.6456489	1
AABS_4	AABS	0.9723137466122306	132	0.78027207	1	229	0.8098537	1
BLAL_7	BLAL	0.0355871886120996	132	0.33207983	1	263	0.4592289	1
SBAB_3	SBAB	0.6826221132229716	132	0.5621929	1	262	0.6874588	1
pLAB_3	pLAB	0.818980774127833	171	0.6037782	1	262	0.58074015	1
BpAB_5	BpAB	0.6950989437186395	132	0.33580023	2	262	0.60673	1
SpAp_9	SpAp	0.1824324324324324	132	0.4950788	1	262	0.5747997	1
AABS_3	AABS	0.9723137466122306	132	0.77841556	1	229	0.8081967	1
BApS_8	BApS	0.2006578947368421	132	0.6907803	1	229	0.7382838	1
AASL_5	AASL	0.9258278085550812	132	0.9105295	1	233	0.69685507	1
LBAB_2	LBAB	0.3506475445458497	132	0.4470616	1	262	0.6631808	1
pBAA_2	pBAA	0.0122581201659973	171	0.13402492	3	320	0.371417	1
pSAp_7	pSAp	0.7349397590361446	132	0.4005238	2	262	0.67859083	1
BApL_6	BApL	0.4728067575577949	132	0.78135806	1	229	0.7992531	1
BABp_2	BABp	0.867669915487485	132	0.7013613	1	229	0.7732846	1
pALA_2	pALA	0.3724610679872442	171	0.3914345	1	320	0.41437227	1
LpAp_8	LpAp	0.120754716981132	132	0.2541055	2	262	0.5456878	1
ppAS_8	ppAS	0.0132890365448504	171	0.39383483	1	266	0.25192302	2
AApp_9	AApp	0.9476016110492474	132	0.93918645	1	229	0.9301945	1
ApAA_4	ApAA	0.5425925925925925	132	0.4020308	1	320	0.40575728	1
pApB_5	pApB	0.8519515477792732	132	0.5005189	1	229	0.6431995	1
AAAp_1	AAAp	0.9867391612369322	132	0.94000274	1	262	0.91194546	1
ABAB_10	ABAB	0.9908850977149204	132	0.87178975	1	262	0.71921754	1
pBAA_5	pBAA	0.0122581201659973	171	0.15150511	2	320	0.39836317	1
LBAB_5	LBAB	0.3506475445458497	132	0.46538758	1	262	0.5953664	1
AASL_2	AASL	0.9258278085550812	132	0.9041358	1	233	0.59054506	1
BAAL_9	BAAL	0.5098474801061008	132	0.4188766	1	263	0.5449583	1
ABAS_9	ABAS	0.6186868686868687	132	0.69099605	1	266	0.37179038	2
BApL_1	BApL	0.4728067575577949	132	0.73893535	1	229	0.81468296	1
pALA_5	pALA	0.3724610679872442	171	0.444762	1	320	0.29269066	1
BABp_5	BABp	0.867669915487485	132	0.73252404	1	229	0.7866958	1
LBAB_10	LBAB	0.3506475445458497	132	0.4307715	1	262	0.6105244	1
SABB_9	SABB	0.7693972502067989	132	0.6717084	1	229	0.73033345	1
AALS_9	AALS	0.672514619883041	132	0.49018496	1	230	0.47936112	1
ApAA_3	ApAA	0.5425925925925925	132	0.34286895	1	320	0.37568098	1
AAAp_6	AAAp	0.9867391612369322	132	0.8203708	1	262	0.83924043	1
pApB_2	pApB	0.8519515477792732	132	0.53840166	1	229	0.7296982	1
BApS_2	BApS	0.2006578947368421	132	0.592133	1	229	0.7894305	1
BpAA_10	BpAA	0.10239651416122	204	0.42109466	1	320	0.42381087	1
AABS_9	AABS	0.9723137466122306	132	0.87498903	1	229	0.8239399	1
SpAp_3	SpAp	0.1824324324324324	132	0.50934285	1	262	0.6523392	1
AASS_1	AASS	0.8973049641568853	132	0.6560561	1	233	0.5341362	1
LABB_5	LABB	0.7466952483029654	132	0.6048981	1	229	0.61760086	1
pABA_5	pABA	0.2184590594413942	171	0.4061225	1	320	0.26672226	1
pLAB_9	pLAB	0.818980774127833	171	0.49882776	1	262	0.5887512	1
SBAB_9	SBAB	0.6826221132229716	132	0.59100235	1	262	0.65646183	1
BBAp_5	BBAp	0.5898098387763538	132	0.61507773	1	262	0.6490036	1
ALAp_5	ALAp	0.9598972228959496	132	0.82011586	1	262	0.8132483	1
ABAL_10	ABAL	0.6635362967377066	132	0.5124593	1	263	0.6194379	1
BApS_5	BApS	0.2006578947368421	132	0.5807005	1	229	0.7246754	1
SpAp_4	SpAp	0.1824324324324324	132	0.51409173	1	262	0.65296054	1
pABA_2	pABA	0.2184590594413942	171	0.4839951	1	320	0.32592243	1
LABB_2	LABB	0.7466952483029654	132	0.4740619	1	229	0.8026681	1
BpAB_8	BpAB	0.6950989437186395	132	0.34163833	2	262	0.61120105	1
AASS_6	AASS	0.8973049641568853	132	0.64723784	1	233	0.53240246	1
AALA_10	AALA	0.1787234042553191	132	0.3581737	1	320	0.2589257	1
ALAp_2	ALAp	0.9598972228959496	132	0.8437106	1	262	0.811381	1
BBAp_2	BBAp	0.5898098387763538	132	0.49693385	1	262	0.6766976	1
pApB_8	pApB	0.8519515477792732	132	0.58829176	1	229	0.6698391	1
AALS_3	AALS	0.672514619883041	132	0.49645218	1	230	0.48008758	1
ApAA_9	ApAA	0.5425925925925925	132	0.38260555	1	320	0.34840083	1
SABB_3	SABB	0.7693972502067989	132	0.70916706	1	229	0.78942096	1
AApp_4	AApp	0.9476016110492474	132	0.9175018	1	229	0.8788768	1
SBAp_10	SBAp	0.3675048355899419	132	0.5175367	1	262	0.7230948	1
ppAS_5	ppAS	0.0132890365448504	171	0.3803119	2	266	0.38690406	2
LpAp_5	LpAp	0.120754716981132	132	0.28705192	2	262	0.5252517	1
ASAB_6	ASAB	0.9461034231609614	132	0.8341919	1	262	0.7273303	1
ABAS_3	ABAS	0.6186868686868687	132	0.6597221	1	266	0.4747458	2
BAAL_3	BAAL	0.5098474801061008	132	0.3778547	1	263	0.54921234	1
AASL_8	AASL	0.9258278085550812	132	0.9187543	1	233	0.6805017	1
SABB_4	SABB	0.7693972502067989	132	0.6931485	1	229	0.6541776	1
AALS_4	AALS	0.672514619883041	132	0.47611436	1	230	0.49253234	1
AApp_3	AApp	0.9476016110492474	132	0.88825005	1	229	0.871531	1
pAAB_7	pAAB	0.9798373362237548	171	0.9507262	1	262	0.8607294	1
LAAA_7	LAAA	0.0249056603773585	132	0.16490486	2	320	0.41685882	1
pALA_8	pALA	0.3724610679872442	171	0.42303506	1	320	0.44614	1
LpAp_2	LpAp	0.120754716981132	132	0.24594004	2	262	0.6055244	1
ppAS_2	ppAS	0.0132890365448504	171	0.3833661	2	266	0.41150832	2
BABp_8	BABp	0.867669915487485	132	0.6931089	1	229	0.7479773	1
ASAB_1	ASAB	0.9461034231609614	132	0.7527653	1	262	0.7469243	1
ABAS_4	ABAS	0.6186868686868687	132	0.72644275	1	266	0.39301008	2
AABL_7	AABL	0.992063492063492	132	0.9477606	1	229	0.9148191	1
BAAL_4	BAAL	0.5098474801061008	132	0.46667176	1	263	0.39524835	1
LBAB_8	LBAB	0.3506475445458497	132	0.42378515	1	262	0.5925743	1
pBAA_8	pBAA	0.0122581201659973	171	0.15090787	2	320	0.34840968	1
BSAp_8	BSAp	0.6853254102999434	132	0.44592133	1	262	0.6584578	1
ABSA_6	ABSA	0.0153088153918188	132	0.32708806	1	320	0.26706675	2
pAAL_1	pAAL	0.7434094903339192	171	0.77156395	1	263	0.65569127	1
BBBB_18	BBBB	0.0192592592592593	73	0.001852894	24	320	0.024144273	8
pApL_9	pApL	0.3862374667827873	132	0.71710813	1	229	0.80242205	1
SSAB_4	SSAB	0.595902256771822	132	0.53593206	1	262	0.67789316	1
SABL_2	SABL	0.5570015756478595	132	0.8035523	1	229	0.79676104	1
LLAp_1	LLAp	0.1045353119943972	132	0.34714636	1	262	0.71530896	1
pLAS_1	pLAS	0.072234762979684	171	0.41078645	2	266	0.25855154	2
BAAB_2	BAAB	0.9804554101902264	132	0.43422192	1	262	0.57025045	1
SApp_6	SApp	0.3746320118358033	132	0.6540377	1	229	0.77435786	1
AASB_9	AASB	0.7726396917148363	132	0.7052061	1	233	0.560638	1
ASAL_7	ASAL	0.3054740650330858	132	0.47317916	1	263	0.62194103	1
AABB_1	AABB	0.99124095092326	132	0.7973797	1	229	0.7967717	1
pAAL_6	pAAL	0.7434094903339192	171	0.7019862	1	263	0.6046537	1
ABSA_1	ABSA	0.0153088153918188	132	0.33201185	1	320	0.24985147	2
SSAB_3	SSAB	0.595902256771822	132	0.51842123	1	262	0.6642585	1
pLAS_6	pLAS	0.072234762979684	171	0.3751757	1	266	0.29438874	2
LLAp_6	LLAp	0.1045353119943972	132	0.35088027	1	262	0.6810902	1
SABL_5	SABL	0.5570015756478595	132	0.7983028	1	229	0.7330262	1
ApAS_10	ApAS	0.8399461522588397	132	0.5761901	1	266	0.34312022	2
SApp_1	SApp	0.3746320118358033	132	0.6435391	1	229	0.74837315	1
BAAB_5	BAAB	0.9804554101902264	132	0.6788297	1	262	0.65729254	1
7pcx2_7	7pcx2	0.0526315789473684	73	0.0023439312	17	320	0.035718333	5
SAAp_9	SAAp	0.9588645591561576	132	0.7201334	1	262	0.7178097	1
AABB_6	AABB	0.99124095092326	132	0.8721676	1	229	0.8279953	1
BBBB_8	BBBB	0.0192592592592593	73	0.0018760028	10	320	0.014641574	8
LSAB_2	LSAB	0.3205555389331498	132	0.36428982	1	262	0.68906623	1
LABL_4	LABL	0.649771374342162	132	0.60457754	1	229	0.8013519	1
pBAp_7	pBAp	0.8306623333378129	171	0.3540343	2	262	0.5809785	1
SLAp_7	SLAp	0.2142857142857143	132	0.61135167	1	262	0.5985076	1
BpBp_2	BpBp	0.010462397224108	73	0.0025805458	30	320	0.02048025	7
pAAS_8	pAAS	0.9374096869146374	171	0.8610163	1	266	0.3675314	2
LAAp_8	LAAp	0.8893891210964382	132	0.52937925	1	262	0.7566653	1
AAAA_4	AAAA	0.3661971830985915	132	0.401352	1	320	0.3178697	1
ApAp_1	ApAp	0.9787644787644788	132	0.8456565	1	262	0.82353	1
LSAB_5	LSAB	0.3205555389331498	132	0.35839677	1	262	0.5413245	1
LABL_3	LABL	0.649771374342162	132	0.55787975	1	229	0.8032857	1
ASAS_9	ASAS	0.8760930025586828	132	0.47442636	1	266	0.47586894	2
BpBp_5	BpBp	0.010462397224108	73	0.0028706505	19	320	0.028483322	6
pApS_7	pApS	0.4032638098385537	132	0.53839946	1	229	0.75633264	1
LApp_7	LApp	0.5117079889807162	132	0.44423065	1	229	0.76569366	1
AAAA_3	AAAA	0.3661971830985915	132	0.4254083	1	320	0.33729386	1
ApAp_6	ApAp	0.9787644787644788	132	0.810836	1	262	0.8065748	1
pBAB_10	pBAB	0.8768785425101214	171	0.589624	1	262	0.6587986	1
pABA_10	pABA	0.2184590594413942	171	0.33323306	1	320	0.30864516	1
BBBB_29	BBBB	0.0192592592592593	73	0.00191212	24	320	0.04379298	4
SApL_4	SApL	0.2656410256410256	132	0.82081604	1	229	0.83385515	1
pSAB_9	pSAB	0.8266818700114025	132	0.36664215	2	262	0.66101134	1
pASL_7	pASL	0.0177646188008882	132	0.5523976	1	233	0.41692486	1
ASAp_5	ASAp	0.9529250713016092	132	0.73012114	1	262	0.77573967	1
pAAL_10	pAAL	0.7434094903339192	171	0.74269867	1	263	0.61188763	1
ppAA_6	ppAA	0.2601768906559389	204	0.34703475	1	320	0.35066718	1
LpAB_6	LpAB	0.1794871794871795	132	0.27986932	2	262	0.5851259	1
AApB_7	AApB	0.9756838905775076	132	0.85129726	1	229	0.80165994	1
LAAS_3	LAAS	0.4669848498117173	132	0.44010764	1	266	0.31871548	2
pAAp_3	pAAp	0.9529860228716646	171	0.92549884	1	262	0.89743185	1
LApL_10	LApL	0.4585635359116022	132	0.7437396	1	229	0.7414088	1
AASA_10	AASA	0.0249008163576714	132	0.38030443	1	320	0.2688004	1
pABL_8	pABL	0.6073781291172595	132	0.67600316	1	229	0.7145077	1
SApL_3	SApL	0.2656410256410256	132	0.76979053	1	229	0.78790486	1
ABAA_7	ABAA	0.2806267806267806	132	0.3091404	1	320	0.27342212	1
ASAp_2	ASAp	0.9529250713016092	132	0.8152134	1	262	0.8154435	1
AApL_10	AApL	0.9083469721767594	132	0.9570526	1	229	0.92988145	1
LpAB_1	LpAB	0.1794871794871795	132	0.28252786	2	262	0.6076819	1
ppAA_1	ppAA	0.2601768906559389	204	0.5628718	1	320	0.43435186	1
pAAp_4	pAAp	0.9529860228716646	171	0.9490428	1	262	0.9202448	1
LAAS_4	LAAS	0.4669848498117173	132	0.45456204	1	266	0.31092373	2
AALA_7	AALA	0.1787234042553191	132	0.37466237	1	320	0.33073986	1
SABp_7	SABp	0.4848484848484848	132	0.7749138	1	229	0.71367586	1
AAAB_8	AAAB	0.9896055996190072	132	0.9073631	1	262	0.8930197	1
ALAB_6	ALAB	0.9775647171620326	132	0.7556331	1	262	0.7517278	1
BBAB_6	BBAB	0.8260030472320975	132	0.5018237	1	262	0.63159263	1
ApAL_3	ApAL	0.4638274336283186	132	0.57318735	1	263	0.45454663	1
LApL_2	LApL	0.4585635359116022	132	0.6021127	1	229	0.77059335	1
LABp_6	LABp	0.5515873015873016	132	0.6978677	1	229	0.67610353	1
pABS_6	pABS	0.396003996003996	132	0.43602878	1	229	0.6502993	1
pBAL_5	pBAL	0.0110795007087729	171	0.22905989	2	263	0.37964588	1
BALB_6	BALB	0.0174083786738921	73	0.00085286953	69	320	0.03729834	5
AASA_2	AASA	0.0249008163576714	132	0.35797375	1	320	0.23510103	1
SApp_10	SApp	0.3746320118358033	132	0.7387121	1	229	0.79167384	1
SAAS_5	SAAS	0.9291965658902196	132	0.50014883	1	266	0.28335112	2
BBAB_1	BBAB	0.8260030472320975	132	0.4898089	1	262	0.5995476	1
ALAB_1	ALAB	0.9775647171620326	132	0.84708273	1	262	0.7797545	1
ApAL_4	ApAL	0.4638274336283186	132	0.47387776	1	263	0.5495985	1
LApL_5	LApL	0.4585635359116022	132	0.5414788	1	229	0.831349	1
BALB_1	BALB	0.0174083786738921	73	0.0009003726	60	320	0.04925125	4
AASA_5	AASA	0.0249008163576714	132	0.38144097	1	320	0.24086514	1
pBAL_2	pBAL	0.0110795007087729	171	0.29215485	2	263	0.52496433	1
pABS_1	pABS	0.396003996003996	132	0.5024798	1	229	0.6559936	1
LABp_1	LABp	0.5515873015873016	132	0.56404567	1	229	0.792241	1
SpAB_7	SpAB	0.4583342754983183	132	0.5275903	1	262	0.64883024	1
SAAS_2	SAAS	0.9291965658902196	132	0.45099497	1	266	0.2814123	2
BAAp_10	BAAp	0.9641666666666666	132	0.63236797	1	262	0.7692328	1
pSAS_10	pSAS	0.2051264890911524	73	0.0006475105	49	320	0.019406047	3
AALp_8	AALp	0.7802197802197802	132	0.44373232	1	230	0.39086065	1
ApAB_2	ApAB	0.9479921623340652	132	0.9317463	1	262	0.83721006	1
LApB_3	LApB	0.666060606060606	132	0.50710636	1	229	0.84444207	1
pApA_3	pApA	0.2936427850655903	171	0.4587533	1	320	0.3437804	1
AAAS_7	AAAS	0.9815028901734104	132	0.84658873	1	266	0.5677493	2
BABS_4	BABS	0.4637096774193548	132	0.5547487	1	229	0.75269294	1
ALAL_7	ALAL	0.6147757255936676	132	0.5687099	1	263	0.515982	1
ABAp_8	ABAp	0.9666821611770254	132	0.81775284	1	262	0.77084845	1
BLAp_8	BLAp	0.1023017902813299	132	0.40177685	1	262	0.571985	1
SLAB_4	SLAB	0.2681335213985354	132	0.5226519	1	262	0.71174276	1
pBAB_4	pBAB	0.8768785425101214	171	0.4015779	2	262	0.6095419	1
pSAS_1	pSAS	0.2051264890911524	73	0.0006953584	28	320	0.01716428	3
LSAp_1	LSAp	0.2062937062937062	132	0.33328444	1	262	0.6803047	1
ApAB_5	ApAB	0.9479921623340652	132	0.82360744	1	262	0.7616044	1
pApA_4	pApA	0.2936427850655903	171	0.46510807	1	320	0.27461648	1
LApB_4	LApB	0.666060606060606	132	0.65710485	1	229	0.639351	1
ppAp_9	ppAp	0.7487849691797059	171	0.43381777	1	262	0.6049771	1
BABS_3	BABS	0.4637096774193548	132	0.5459193	1	229	0.6829956	1
AApS_8	AApS	0.9670579670579672	132	0.8608791	1	229	0.8986813	1
SABS_10	SABS	0.3073852295409182	132	0.6415134	1	229	0.7519113	1
pBAB_3	pBAB	0.8768785425101214	171	0.5565824	2	262	0.59892005	1
SLAB_3	SLAB	0.2681335213985354	132	0.5078304	1	262	0.6720461	1
LSAp_6	LSAp	0.2062937062937062	132	0.43921605	1	262	0.5702121	1
pSAS_6	pSAS	0.2051264890911524	73	0.00062384724	36	320	0.014314316	4
AABp_2	AABp	0.9916346353523836	132	0.9560199	1	229	0.91295564	1
BApp_9	BApp	0.7782659959474917	132	0.6024042	1	229	0.75202596	1
BpAA_4	BpAA	0.10239651416122	204	0.436833	1	320	0.40636712	1
SApB_5	SApB	0.5073244886677722	132	0.65014505	1	229	0.7618808	1
BAAp_1	BAAp	0.9641666666666666	132	0.6545366	1	262	0.7625561	1
AAAB_10	AAAB	0.9896055996190072	132	0.86789477	1	262	0.7937269	1
BASL_5	BASL	0.16661070832765	132	0.6324528	1	233	0.587804	1
ASBB_8	ASBB	0.0556338028169014	132	0.47117195	1	248	0.10019857	3
LLAB_2	LLAB	0.1889908256880733	132	0.41904968	1	262	0.48283014	1
SSAp_7	SSAp	0.1666666666666666	132	0.45548606	1	262	0.6734201	1
AApL_6	AApL	0.9083469721767594	132	0.92085457	1	229	0.8626963	1
AABp_5	AABp	0.9916346353523836	132	0.93228704	1	229	0.8439417	1
LAAB_10	LAAB	0.947892498066512	132	0.47900876	1	262	0.7146324	1
pABB_9	pABB	0.7381174277726001	132	0.430998	2	229	0.6738543	1
BpAA_3	BpAA	0.10239651416122	204	0.35843772	1	320	0.35628048	1
BAAp_6	BAAp	0.9641666666666666	132	0.51381195	1	262	0.7055847	1
pApB_10	pApB	0.8519515477792732	132	0.50278586	1	229	0.71439016	1
SApB_2	SApB	0.5073244886677722	132	0.6921475	1	229	0.78315115	1
LLAB_5	LLAB	0.1889908256880733	132	0.4109705	1	262	0.6604206	1
BASL_2	BASL	0.16661070832765	132	0.6333311	1	233	0.5790581	1
AAAL_9	AAAL	0.9151668773364172	132	0.6120242	1	263	0.50428176	1
ALAS_9	ALAS	0.8410869810045799	132	0.6163429	1	266	0.4894908	2
AApL_1	AApL	0.9083469721767594	132	0.94774103	1	229	0.9335434	1
7pcx2_6	7pcx2	0.0526315789473684	73	0.002943358	11	320	0.009556173	9
BAAB_4	BAAB	0.9804554101902264	132	0.59729373	1	262	0.75669754	1
AABB_7	AABB	0.99124095092326	132	0.8699581	1	229	0.8422381	1
ASAL_1	ASAL	0.3054740650330858	132	0.63812506	1	263	0.5369626	1
SAAp_8	SAAp	0.9588645591561576	132	0.78303546	1	262	0.752761	1
pAAL_7	pAAL	0.7434094903339192	171	0.5379634	1	263	0.5166182	1
SABL_4	SABL	0.5570015756478595	132	0.8672048	1	229	0.6860976	1
LLAp_7	LLAp	0.1045353119943972	132	0.34704286	1	262	0.7223363	1
pLAS_7	pLAS	0.072234762979684	171	0.3606923	1	266	0.53010917	1
SSAB_2	SSAB	0.595902256771822	132	0.6987902	1	262	0.6141884	1
pABS_10	pABS	0.396003996003996	132	0.4328277	2	229	0.67326516	1
AASB_8	AASB	0.7726396917148363	132	0.6407545	1	233	0.5503769	1
7pcx2_1	7pcx2	0.0526315789473684	73	0.0021488117	19	320	0.032058064	5
SApp_7	SApp	0.3746320118358033	132	0.6824934	1	229	0.777398	1
BAAB_3	BAAB	0.9804554101902264	132	0.5437095	1	262	0.6369613	1
ASAL_6	ASAL	0.3054740650330858	132	0.44739565	1	263	0.57800853	1
BSAp_9	BSAp	0.6853254102999434	132	0.5110283	1	262	0.61027974	1
ABSA_7	ABSA	0.0153088153918188	132	0.32288212	1	320	0.24231872	2
SABL_3	SABL	0.5570015756478595	132	0.75577134	1	229	0.76262474	1
SSAB_5	SSAB	0.595902256771822	132	0.51212454	1	262	0.6419615	1
pApL_8	pApL	0.3862374667827873	132	0.69601154	1	229	0.8024095	1
BBBB_19	BBBB	0.0192592592592593	73	0.0019268885	24	320	0.02765752	8
AASS_10	AASS	0.8973049641568853	132	0.77870244	1	233	0.5738538	1
SApB_10	SApB	0.5073244886677722	132	0.6335082	1	229	0.8078681	1
BpBp_4	BpBp	0.010462397224108	73	0.003090383	20	320	0.021135883	6
ApAp_7	ApAp	0.9787644787644788	132	0.923951	1	262	0.84165543	1
AAAA_2	AAAA	0.3661971830985915	132	0.44203085	1	320	0.29625648	1
LApp_6	LApp	0.5117079889807162	132	0.6833793	1	229	0.72128576	1
pApS_6	pApS	0.4032638098385537	132	0.51161325	1	229	0.7576335	1
pBAp_1	pBAp	0.8306623333378129	171	0.4658599	1	262	0.6957814	1
ASBB_10	ASBB	0.0556338028169014	132	0.49360067	1	248	0.18247154	3
LABL_2	LABL	0.649771374342162	132	0.68868124	1	229	0.65420127	1
SLAp_1	SLAp	0.2142857142857143	132	0.49391693	1	262	0.7120287	1
LSAB_4	LSAB	0.3205555389331498	132	0.37267128	1	262	0.62456346	1
ASAS_8	ASAS	0.8760930025586828	132	0.76607764	1	266	0.4300787	2
BAAB_10	BAAB	0.9804554101902264	132	0.6426854	1	262	0.66868645	1
LAAp_9	LAAp	0.8893891210964382	132	0.5470736	1	262	0.75256205	1
pAAS_9	pAAS	0.9374096869146374	171	0.8638603	1	266	0.44842774	2
BpBp_3	BpBp	0.010462397224108	73	0.0032182024	24	320	0.02018304	6
pApS_1	pApS	0.4032638098385537	132	0.5053652	1	229	0.70357054	1
LApp_1	LApp	0.5117079889807162	132	0.47535056	1	229	0.826598	1
AAAA_5	AAAA	0.3661971830985915	132	0.47726363	1	320	0.33927268	1
SLAp_6	SLAp	0.2142857142857143	132	0.530789	1	262	0.685828	1
LABL_5	LABL	0.649771374342162	132	0.54236966	1	229	0.7954259	1
pBAp_6	pBAp	0.8306623333378129	171	0.5406958	1	262	0.6722516	1
LSAB_3	LSAB	0.3205555389331498	132	0.35986227	1	262	0.5432712	1
BBBB_9	BBBB	0.0192592592592593	73	0.0017204408	22	320	0.05573382	4
BBAp_3	BBAp	0.5898098387763538	132	0.47170871	1	262	0.6667145	1
ALAp_3	ALAp	0.9598972228959496	132	0.85163134	1	262	0.81698763	1
SpAp_5	SpAp	0.1824324324324324	132	0.5538633	1	262	0.6712133	1
BApS_4	BApS	0.2006578947368421	132	0.58128977	1	229	0.75743306	1
BpAB_9	BpAB	0.6950989437186395	132	0.36717373	2	262	0.59254587	1
AASS_7	AASS	0.8973049641568853	132	0.7715209	1	233	0.503718	1
LABB_3	LABB	0.7466952483029654	132	0.47226095	1	229	0.82432395	1
pABA_3	pABA	0.2184590594413942	171	0.3659891	1	320	0.26172286	1
BApL_10	BApL	0.4728067575577949	132	0.7119295	1	229	0.8186148	1
SBAB_8	SBAB	0.6826221132229716	132	0.6984814	1	262	0.5963694	1
pLAB_8	pLAB	0.818980774127833	171	0.471371	1	262	0.5919472	1
ALAp_4	ALAp	0.9598972228959496	132	0.8284135	1	262	0.8074586	1
BBAp_4	BBAp	0.5898098387763538	132	0.474519	1	262	0.66189384	1
SpAp_2	SpAp	0.1824324324324324	132	0.43314028	1	262	0.6104228	1
AABS_8	AABS	0.9723137466122306	132	0.8114444	1	229	0.7695916	1
BApS_3	BApS	0.2006578947368421	132	0.537274	1	229	0.78616136	1
pABA_4	pABA	0.2184590594413942	171	0.29344627	1	320	0.26458278	1
LABB_4	LABB	0.7466952483029654	132	0.47483078	1	229	0.779728	1
SAAL_10	SAAL	0.6881284543403348	132	0.4732069	1	263	0.502892	1
ABAS_5	ABAS	0.6186868686868687	132	0.651052	1	266	0.4599045	2
AABL_6	AABL	0.992063492063492	132	0.9299103	1	229	0.84887314	1
pBAA_9	pBAA	0.0122581201659973	171	0.12397418	3	320	0.234073	1
LBAB_9	LBAB	0.3506475445458497	132	0.4224995	1	262	0.58891165	1
BAAL_5	BAAL	0.5098474801061008	132	0.4049715	1	263	0.5531748	1
AAAp_10	AAAp	0.9867391612369322	132	0.9298474	1	262	0.92989796	1
AALS_5	AALS	0.672514619883041	132	0.49182862	1	230	0.50623095	1
SABB_5	SABB	0.7693972502067989	132	0.59447116	1	229	0.6665223	1
BABp_9	BABp	0.867669915487485	132	0.6981865	1	229	0.69555247	1
pALA_9	pALA	0.3724610679872442	171	0.46081227	1	320	0.41398555	1
ppAS_3	ppAS	0.0132890365448504	171	0.38296622	1	266	0.2562216	2
LpAp_3	LpAp	0.120754716981132	132	0.22124234	2	262	0.55271494	1
LAAA_6	LAAA	0.0249056603773585	132	0.105311826	3	320	0.33498064	1
pAAB_6	pAAB	0.9798373362237548	171	0.9560361	1	262	0.880561	1
AApp_2	AApp	0.9476016110492474	132	0.88349104	1	229	0.86842906	1
AABL_1	AABL	0.992063492063492	132	0.9561017	1	229	0.8724456	1
ABAS_2	ABAS	0.6186868686868687	132	0.61957866	1	266	0.35783625	2
ASAB_7	ASAB	0.9461034231609614	132	0.8421689	1	262	0.7845849	1
AASL_9	AASL	0.9258278085550812	132	0.9341858	1	233	0.70731264	1
BAAL_2	BAAL	0.5098474801061008	132	0.5316809	1	263	0.45367828	1
SABB_2	SABB	0.7693972502067989	132	0.6040765	1	229	0.8113882	1
pApp_10	pApp	0.6111111111111112	132	0.45186096	1	229	0.658151	1
AALS_2	AALS	0.672514619883041	132	0.4295071	1	230	0.44815	1
ApAA_8	ApAA	0.5425925925925925	132	0.25903377	1	320	0.34860298	1
pApB_9	pApB	0.8519515477792732	132	0.45770258	2	229	0.691447	1
LAAp_10	LAAp	0.8893891210964382	132	0.48121667	1	262	0.7362916	1
LpAp_4	LpAp	0.120754716981132	132	0.29094574	2	262	0.6205498	1
ppAS_4	ppAS	0.0132890365448504	171	0.3966202	2	266	0.38722616	2
AApp_5	AApp	0.9476016110492474	132	0.92020667	1	229	0.9123206	1
pAAB_1	pAAB	0.9798373362237548	171	0.94433916	1	262	0.8689008	1
LAAA_1	LAAA	0.0249056603773585	132	0.15510893	2	320	0.3856362	1
pSAS_7	pSAS	0.2051264890911524	73	0.0008665317	13	320	0.001677357	11
LSAp_7	LSAp	0.2062937062937062	132	0.34567913	1	262	0.6413922	1
SLAB_2	SLAB	0.2681335213985354	132	0.5062031	1	262	0.73190135	1
pBAB_2	pBAB	0.8768785425101214	171	0.6216003	1	262	0.5946566	1
LApB_5	LApB	0.666060606060606	132	0.43423277	1	229	0.7762399	1
pApA_5	pApA	0.2936427850655903	171	0.41741928	1	320	0.35892147	1
AAAS_1	AAAS	0.9815028901734104	132	0.77823716	1	266	0.5107543	2
ApAB_4	ApAB	0.9479921623340652	132	0.8477848	1	262	0.7836213	1
AApS_9	AApS	0.9670579670579672	132	0.8841548	1	229	0.8937979	1
BABS_2	BABS	0.4637096774193548	132	0.5879312	1	229	0.78996634	1
ALAL_1	ALAL	0.6147757255936676	132	0.4263761	1	263	0.469297	1
ppAp_8	ppAp	0.7487849691797059	171	0.46365657	1	262	0.64743125	1
BLAp_9	BLAp	0.1023017902813299	132	0.46930924	1	262	0.6588592	1
ABAp_9	ABAp	0.9666821611770254	132	0.71636033	1	262	0.7117747	1
AALS_10	AALS	0.672514619883041	132	0.4843276	1	230	0.5005896	1
pBAB_5	pBAB	0.8768785425101214	171	0.5343336	1	262	0.6670023	1
SLAB_5	SLAB	0.2681335213985354	132	0.52743936	1	262	0.7090538	1
AAAS_6	AAAS	0.9815028901734104	132	0.7054421	1	266	0.47346345	2
pApA_2	pApA	0.2936427850655903	171	0.44683775	1	320	0.31752837	1
LApB_2	LApB	0.666060606060606	132	0.41872987	1	229	0.80526334	1
AALp_9	AALp	0.7802197802197802	132	0.44310278	1	230	0.46154553	1
ApAB_3	ApAB	0.9479921623340652	132	0.88389796	1	262	0.8216138	1
ALAL_6	ALAL	0.6147757255936676	132	0.52115476	1	263	0.5811665	1
BABS_5	BABS	0.4637096774193548	132	0.45501822	1	229	0.6831233	1
SSAp_1	SSAp	0.1666666666666666	132	0.44953522	1	262	0.6366108	1
AAAL_8	AAAL	0.9151668773364172	132	0.5214084	1	263	0.50675714	1
LLAB_4	LLAB	0.1889908256880733	132	0.41046923	1	262	0.61416227	1
BASL_3	BASL	0.16661070832765	132	0.62790096	1	233	0.5864006	1
ALAS_8	ALAS	0.8410869810045799	132	0.6905773	1	266	0.4102846	2
SBAB_10	SBAB	0.6826221132229716	132	0.5025894	1	262	0.73210794	1
AABp_4	AABp	0.9916346353523836	132	0.94679487	1	229	0.9066776	1
SApB_3	SApB	0.5073244886677722	132	0.68927103	1	229	0.735219	1
BAAp_7	BAAp	0.9641666666666666	132	0.6085164	1	262	0.763422	1
pLAS_10	pLAS	0.072234762979684	171	0.4376792	1	266	0.40647808	2
BpAA_2	BpAA	0.10239651416122	204	0.35033736	1	320	0.39999408	1
pABB_8	pABB	0.7381174277726001	132	0.44924942	2	229	0.6783125	1
SSAp_6	SSAp	0.1666666666666666	132	0.52141106	1	262	0.65878594	1
ASBB_9	ASBB	0.0556338028169014	132	0.4914609	1	248	0.2694199	3
BASL_4	BASL	0.16661070832765	132	0.5847098	1	233	0.5884266	1
LLAB_3	LLAB	0.1889908256880733	132	0.34639183	1	262	0.6148837	1
AApL_7	AApL	0.9083469721767594	132	0.9582842	1	229	0.89362466	1
BApp_8	BApp	0.7782659959474917	132	0.6012336	1	229	0.76851106	1
AABp_3	AABp	0.9916346353523836	132	0.9328798	1	229	0.8590051	1
SApB_4	SApB	0.5073244886677722	132	0.64189434	1	229	0.7839645	1
BpAA_5	BpAA	0.10239651416122	204	0.48306018	1	320	0.37186682	1
AApB_1	AApB	0.9756838905775076	132	0.84717304	1	229	0.82401973	1
LAAS_5	LAAS	0.4669848498117173	132	0.41937217	1	266	0.36570358	2
pAAp_5	pAAp	0.9529860228716646	171	0.9512415	1	262	0.90550995	1
LpAA_10	LpAA	0.1621263136414652	204	0.5396704	1	320	0.4449099	1
AAAB_9	AAAB	0.9896055996190072	132	0.8522643	1	262	0.8509003	1
SABp_6	SABp	0.4848484848484848	132	0.66839254	1	229	0.71431434	1
AALA_6	AALA	0.1787234042553191	132	0.35796148	1	320	0.24400839	1
SApL_2	SApL	0.2656410256410256	132	0.74988973	1	229	0.7875329	1
pABL_9	pABL	0.6073781291172595	132	0.6372678	1	229	0.71794176	1
ASAp_3	ASAp	0.9529250713016092	132	0.9275052	1	262	0.8826436	1
pASL_1	pASL	0.0177646188008882	132	0.72761077	1	233	0.44515848	1
ABAA_6	ABAA	0.2806267806267806	132	0.3244316	1	320	0.34340256	1
pAAp_2	pAAp	0.9529860228716646	171	0.9551694	1	262	0.91072	1
LAAS_2	LAAS	0.4669848498117173	132	0.3772118	1	266	0.32498565	2
AApB_6	AApB	0.9756838905775076	132	0.9148632	1	229	0.8591488	1
LpAB_7	LpAB	0.1794871794871795	132	0.27706933	2	262	0.5671113	1
ppAA_7	ppAA	0.2601768906559389	204	0.45894948	1	320	0.4313202	1
AALA_1	AALA	0.1787234042553191	132	0.33361077	1	320	0.2620298	1
ApAA_10	ApAA	0.5425925925925925	132	0.36229983	1	320	0.32179338	1
SABp_1	SABp	0.4848484848484848	132	0.7458083	1	229	0.777161	1
pSAB_8	pSAB	0.8266818700114025	132	0.4941376	2	262	0.61721736	1
SApL_5	SApL	0.2656410256410256	132	0.86306274	1	229	0.75061715	1
BBBB_28	BBBB	0.0192592592592593	73	0.0017307897	14	320	0.06315337	4
ASAp_4	ASAp	0.9529250713016092	132	0.8248407	1	262	0.81392306	1
ABAA_1	ABAA	0.2806267806267806	132	0.3467452	1	320	0.34911653	1
pASL_6	pASL	0.0177646188008882	132	0.5336908	1	233	0.45039415	1
pBAL_3	pBAL	0.0110795007087729	171	0.20129624	2	263	0.33074674	1
AASA_4	AASA	0.0249008163576714	132	0.3529667	1	320	0.22699118	1
SAAS_3	SAAS	0.9291965658902196	132	0.5894962	1	266	0.22743659	2
SpAB_6	SpAB	0.4583342754983183	132	0.50986946	1	262	0.6403324	1
LApL_4	LApL	0.4585635359116022	132	0.64603144	1	229	0.7711855	1
ApAL_5	ApAL	0.4638274336283186	132	0.4794446	1	263	0.559523	1
pBAp_10	pBAp	0.8306623333378129	171	0.46666926	1	262	0.63614416	1
AASA_3	AASA	0.0249008163576714	132	0.2890946	1	320	0.24594851	1
BALB_7	BALB	0.0174083786738921	73	0.0008778055	59	320	0.02537793	6
pABS_7	pABS	0.396003996003996	132	0.51309985	1	229	0.602739	1
LABp_7	LABp	0.5515873015873016	132	0.5472168	1	229	0.79010206	1
pBAL_4	pBAL	0.0110795007087729	171	0.2875228	2	263	0.50710505	1
SAAS_4	SAAS	0.9291965658902196	132	0.61454165	1	266	0.25303116	2
SpAB_1	SpAB	0.4583342754983183	132	0.6453839	1	262	0.5910498	1
BBAB_7	BBAB	0.8260030472320975	132	0.46777382	1	262	0.65045166	1
ALAB_7	ALAB	0.9775647171620326	132	0.73909175	1	262	0.7521943	1
LApL_3	LApL	0.4585635359116022	132	0.5741084	1	229	0.82736635	1
ApAL_2	ApAL	0.4638274336283186	132	0.5368208	1	263	0.43878382	1
LABL_7	LABL	0.649771374342162	132	0.5852345	1	229	0.80325747	1
pBAp_4	pBAp	0.8306623333378129	171	0.6158286	1	262	0.6573137	1
SLAp_4	SLAp	0.2142857142857143	132	0.4618214	1	262	0.6387831	1
AASL_10	AASL	0.9258278085550812	132	0.92521954	1	233	0.72169316	1
LSAB_1	LSAB	0.3205555389331498	132	0.35115176	1	262	0.4938972	1
BLAB_8	BLAB	0.6559474412171508	132	0.41486925	1	262	0.7266782	1
ABAB_8	ABAB	0.9908850977149204	132	0.7695887	1	262	0.66130507	1
AApA_10	AApA	0.3262471655328798	132	0.42200646	1	320	0.2414548	1
BpBp_1	BpBp	0.010462397224108	73	0.0032383718	22	320	0.011539392	10
SABS_8	SABS	0.3073852295409182	132	0.5702008	1	229	0.7529684	1
ApAp_2	ApAp	0.9787644787644788	132	0.9041405	1	262	0.86247885	1
AALB_8	AALB	0.8576857708879986	132	0.526081	1	230	0.49398938	1
AAAA_7	AAAA	0.3661971830985915	132	0.4029916	1	320	0.32076496	1
pApS_3	pApS	0.4032638098385537	132	0.49701113	1	229	0.7249177	1
LApp_3	LApp	0.5117079889807162	132	0.41296095	1	229	0.77781457	1
SLAp_3	SLAp	0.2142857142857143	132	0.56731045	1	262	0.60604227	1
pBAp_3	pBAp	0.8306623333378129	171	0.4861997	1	262	0.66459143	1
LSAB_6	LSAB	0.3205555389331498	132	0.34635153	1	262	0.55961937	1
pABL_10	pABL	0.6073781291172595	132	0.67635834	1	229	0.696133	1
LASL_8	LASL	0.0527156549520766	132	0.46407533	1	233	0.5193241	1
LASL_10	LASL	0.0527156549520766	132	0.49422854	1	233	0.5424364	1
LpAA_9	LpAA	0.1621263136414652	204	0.4074506	1	320	0.49013558	1
ppAB_9	ppAB	0.8115021997665693	171	0.33253384	2	262	0.5414141	1
pAAA_10	pAAA	0.7579365079365079	171	0.48702627	1	320	0.3508251	1
BpBp_6	BpBp	0.010462397224108	73	0.0029215408	22	320	0.031702768	6
AApA_8	AApA	0.3262471655328798	132	0.37372833	1	320	0.2888903	1
ApAp_5	ApAp	0.9787644787644788	132	0.90302914	1	262	0.8361309	1
LApp_4	LApp	0.5117079889807162	132	0.47913188	1	229	0.7828421	1
pApS_4	pApS	0.4032638098385537	132	0.6991497	1	229	0.694457	1
SASL_9	SASL	0.0811969439728352	132	0.69095576	1	233	0.6280998	1
ABSA_5	ABSA	0.0153088153918188	132	0.33159873	1	320	0.30318707	2
pAAL_2	pAAL	0.7434094903339192	171	0.7576288	1	263	0.5985917	1
BABp_10	BABp	0.867669915487485	132	0.73283666	1	229	0.7542852	1
SABL_1	SABL	0.5570015756478595	132	0.7582165	1	229	0.7928381	1
pLAS_2	pLAS	0.072234762979684	171	0.33020395	1	266	0.45190734	2
LLAp_2	LLAp	0.1045353119943972	132	0.3425146	1	262	0.590186	1
SSAB_7	SSAB	0.595902256771822	132	0.53827286	1	262	0.68799585	1
7pcx2_3	7pcx2	0.0526315789473684	73	0.003797635	10	320	0.014053589	6
LSAp_10	LSAp	0.2062937062937062	132	0.36813384	1	262	0.6436369	1
BAAB_1	BAAB	0.9804554101902264	132	0.5646092	1	262	0.7354853	1
SApp_5	SApp	0.3746320118358033	132	0.6924797	1	229	0.7917844	1
SpAA_8	SpAA	0.0315457413249211	204	0.33775717	1	320	0.3524382	1
AABB_2	AABB	0.99124095092326	132	0.9106616	1	229	0.85740185	1
BApB_9	BApB	0.8670700551297567	132	0.50542814	1	229	0.7851496	1
ASAL_4	ASAL	0.3054740650330858	132	0.52055573	1	263	0.680115	1
pAAL_5	pAAL	0.7434094903339192	171	0.653372	1	263	0.54240024	1
ABSA_2	ABSA	0.0153088153918188	132	0.30326414	1	320	0.16806638	2
LLAp_5	LLAp	0.1045353119943972	132	0.36687964	1	262	0.5786475	1
pLAS_5	pLAS	0.072234762979684	171	0.4002754	1	266	0.44830123	2
SABL_6	SABL	0.5570015756478595	132	0.7611294	1	229	0.7015967	1
BBBB_49	BBBB	0.0192592592592593	73	0.0018839758	22	320	0.042071223	5
7pcx2_4	7pcx2	0.0526315789473684	73	0.0022108336	17	320	0.033274256	5
pABp_9	pABp	0.714364798237573	132	0.641616	1	229	0.7039698	1
LABS_9	LABS	0.2714285714285714	132	0.46951357	1	229	0.6488531	1
SApp_2	SApp	0.3746320118358033	132	0.6708769	1	229	0.7621724	1
BAAB_6	BAAB	0.9804554101902264	132	0.6241957	1	262	0.6899379	1
AABB_5	AABB	0.99124095092326	132	0.8610834	1	229	0.8151113	1
ASAp_10	ASAp	0.9529250713016092	132	0.8543938	1	262	0.83268243	1
ASAL_3	ASAL	0.3054740650330858	132	0.4675005	1	263	0.636254	1
SAAS_10	SAAS	0.9291965658902196	132	0.45886803	1	266	0.35358506	2
LpAp_6	LpAp	0.120754716981132	132	0.23886442	2	262	0.64631367	1
ppAS_6	ppAS	0.0132890365448504	171	0.30107868	2	266	0.35267824	2
pAAB_3	pAAB	0.9798373362237548	171	0.9704174	1	262	0.91092634	1
LAAA_3	LAAA	0.0249056603773585	132	0.10664864	3	320	0.3333148	1
AApp_7	AApp	0.9476016110492474	132	0.9163989	1	229	0.9150464	1
AABL_3	AABL	0.992063492063492	132	0.95136863	1	229	0.9107612	1
BApL_8	BApL	0.4728067575577949	132	0.738981	1	229	0.7940949	1
ASAB_5	ASAB	0.9461034231609614	132	0.9201395	1	262	0.8010049	1
pSAp_9	pSAp	0.7349397590361446	132	0.39122397	2	262	0.661276	1
SABB_7	SABB	0.7693972502067989	132	0.6564692	1	229	0.67125916	1
AALS_7	AALS	0.672514619883041	132	0.48177737	1	230	0.49397197	1
AAAp_8	AAAp	0.9867391612369322	132	0.8842031	1	262	0.8922275	1
BApS_10	BApS	0.2006578947368421	132	0.5611261	1	229	0.78495723	1
ppAS_1	ppAS	0.0132890365448504	171	0.4059289	2	266	0.39183244	2
LpAp_1	LpAp	0.120754716981132	132	0.298033	2	262	0.5612432	1
LAAA_4	LAAA	0.0249056603773585	132	0.08693374	3	320	0.3611188	1
pAAB_4	pAAB	0.9798373362237548	171	0.93072605	1	262	0.8428919	1
ABAS_7	ABAS	0.6186868686868687	132	0.683681	1	266	0.4806692	2
AABL_4	AABL	0.992063492063492	132	0.9426731	1	229	0.915542	1
ASAB_2	ASAB	0.9461034231609614	132	0.7500726	1	262	0.7553832	1
BAAL_7	BAAL	0.5098474801061008	132	0.3935973	1	263	0.5480925	1
ABAL_9	ABAL	0.6635362967377066	132	0.4653503	1	263	0.59015095	1
BLAL_9	BLAL	0.0355871886120996	132	0.32213646	1	263	0.47698218	1
BApS_1	BApS	0.2006578947368421	132	0.58812857	1	229	0.79621947	1
BSAB_10	BSAB	0.718051662256687	132	0.47612795	1	262	0.5884858	1
AASS_2	AASS	0.8973049641568853	132	0.67924464	1	233	0.5495318	1
pABA_6	pABA	0.2184590594413942	171	0.34456888	1	320	0.30866754	1
LABB_6	LABB	0.7466952483029654	132	0.5286535	1	229	0.7910393	1
BAAS_9	BAAS	0.2976878612716763	132	0.37619555	1	266	0.34697598	2
AALL_9	AALL	0.8693784016041248	132	0.61367524	1	230	0.52126974	1
LABB_10	LABB	0.7466952483029654	132	0.5426931	1	229	0.68946683	1
BBAp_6	BBAp	0.5898098387763538	132	0.51878625	1	262	0.637853	1
ALAp_6	ALAp	0.9598972228959496	132	0.9289444	1	262	0.8258999	1
SpAp_7	SpAp	0.1824324324324324	132	0.42378092	1	262	0.54222363	1
BApS_6	BApS	0.2006578947368421	132	0.5868172	1	229	0.82651985	1
LABB_1	LABB	0.7466952483029654	132	0.48732957	1	229	0.7753057	1
pABA_1	pABA	0.2184590594413942	171	0.36333334	1	320	0.3204637	1
AASS_5	AASS	0.8973049641568853	132	0.7473375	1	233	0.5804557	1
ALAp_1	ALAp	0.9598972228959496	132	0.92530996	1	262	0.8719433	1
AABB_10	AABB	0.99124095092326	132	0.8954624	1	229	0.8648858	1
BBAp_1	BBAp	0.5898098387763538	132	0.42537737	1	262	0.60354716	1
AABp_1	AABp	0.9916346353523836	132	0.9387089	1	229	0.88494015	1
ABAA_10	ABAA	0.2806267806267806	132	0.27269366	1	320	0.24893336	1
SApB_6	SApB	0.5073244886677722	132	0.5860747	1	229	0.779621	1
BAAp_2	BAAp	0.9641666666666666	132	0.5532788	1	262	0.6666891	1
BLAp_10	BLAp	0.1023017902813299	132	0.400108	1	262	0.69751835	1
AASp_9	AASp	0.9002051060614239	132	0.75212276	1	233	0.5136067	1
BpAA_7	BpAA	0.10239651416122	204	0.5002464	1	320	0.40307266	1
SSAp_4	SSAp	0.1666666666666666	132	0.5456616	1	262	0.72522277	1
BASL_6	BASL	0.16661070832765	132	0.6978044	1	233	0.5046467	1
LLAB_1	LLAB	0.1889908256880733	132	0.40780315	1	262	0.70098555	1
AALL_10	AALL	0.8693784016041248	132	0.5797499	1	230	0.53100914	1
AApL_5	AApL	0.9083469721767594	132	0.93511754	1	229	0.9111122	1
BSAB_8	BSAB	0.718051662256687	132	0.42583305	1	262	0.6490077	1
SAAB_9	SAAB	0.9771742589669178	132	0.7238219	1	262	0.7439499	1
AABp_6	AABp	0.9916346353523836	132	0.94298375	1	229	0.89896613	1
BAAp_5	BAAp	0.9641666666666666	132	0.53807175	1	262	0.7346759	1
SApB_1	SApB	0.5073244886677722	132	0.63098556	1	229	0.75623655	1
SSAp_3	SSAp	0.1666666666666666	132	0.5117463	1	262	0.71341765	1
LLAB_6	LLAB	0.1889908256880733	132	0.33123466	1	262	0.5610528	1
BASL_1	BASL	0.16661070832765	132	0.6874436	1	233	0.54964703	1
AApL_2	AApL	0.9083469721767594	132	0.95849264	1	229	0.9347495	1
BABL_9	BABL	0.7510104587447637	132	0.7397355	1	229	0.7088553	1
AAAS_4	AAAS	0.9815028901734104	132	0.6479543	1	266	0.38060468	2
ApAB_1	ApAB	0.9479921623340652	132	0.82692564	1	262	0.7678563	1
LAAB_8	LAAB	0.947892498066512	132	0.5537	1	262	0.7174572	1
pAAA_8	pAAA	0.7579365079365079	171	0.58688146	1	320	0.4640816	1
ppAp_10	ppAp	0.7487849691797059	171	0.5066427	1	262	0.6593954	1
BABS_7	BABS	0.4637096774193548	132	0.5162016	1	229	0.7655887	1
ALAL_4	ALAL	0.6147757255936676	132	0.53525746	1	263	0.61801314	1
BBBB_38	BBBB	0.0192592592592593	73	0.002413395	10	320	0.013046792	8
LSAp_2	LSAp	0.2062937062937062	132	0.33372495	1	262	0.62310153	1
pSAS_2	pSAS	0.2051264890911524	73	0.00063303986	37	320	0.014123239	4
SLAB_7	SLAB	0.2681335213985354	132	0.5533887	1	262	0.6535015	1
pBAB_7	pBAB	0.8768785425101214	171	0.39857745	1	262	0.6339076	1
AAAS_3	AAAS	0.9815028901734104	132	0.85789984	1	266	0.4068455	2
LApB_7	LApB	0.666060606060606	132	0.49528235	1	229	0.762024	1
pApA_7	pApA	0.2936427850655903	171	0.4472112	1	320	0.35387176	1
ApAB_6	ApAB	0.9479921623340652	132	0.9053795	1	262	0.8410619	1
ALAL_3	ALAL	0.6147757255936676	132	0.526172	1	263	0.47832495	1
ASAA_9	ASAA	0.0901298701298701	132	0.27314955	1	320	0.3577856	1
pSAS_5	pSAS	0.2051264890911524	73	0.00066483783	27	320	0.01327306	4
LSAp_5	LSAp	0.2062937062937062	132	0.32716304	1	262	0.67832166	1
LAAL_9	LAAL	0.3418803418803419	132	0.44902268	1	263	0.4185006	1
ALAB_5	ALAB	0.9775647171620326	132	0.9140295	1	262	0.8242772	1
BBAB_5	BBAB	0.8260030472320975	132	0.44432536	1	262	0.58761185	1
LApL_1	LApL	0.4585635359116022	132	0.712481	1	229	0.72849184	1
SBAp_9	SBAp	0.3675048355899419	132	0.5540935	1	262	0.6845483	1
pLAp_9	pLAp	0.6229508196721312	171	0.4860941	1	262	0.68360955	1
LLAB_10	LLAB	0.1889908256880733	132	0.41564244	1	262	0.706426	1
pABS_5	pABS	0.396003996003996	132	0.3916886	2	229	0.631988	1
LABp_5	LABp	0.5515873015873016	132	0.593016	1	229	0.79286975	1
pBAL_6	pBAL	0.0110795007087729	171	0.272482	2	263	0.57644534	1
BALB_5	BALB	0.0174083786738921	73	0.0013294788	15	320	0.00451819	12
AASA_1	AASA	0.0249008163576714	132	0.3155743	1	320	0.28351286	1
SAAS_6	SAAS	0.9291965658902196	132	0.70661324	1	266	0.30611786	2
SpAB_3	SpAB	0.4583342754983183	132	0.54002225	1	262	0.48257723	1
AABA_9	AABA	0.013331470916897	132	0.39986593	1	320	0.20724764	2
BBAB_2	BBAB	0.8260030472320975	132	0.653486	1	262	0.56246763	1
ALAB_2	ALAB	0.9775647171620326	132	0.8282606	1	262	0.77141124	1
LApL_6	LApL	0.4585635359116022	132	0.624822	1	229	0.83418834	1
ApAL_7	ApAL	0.4638274336283186	132	0.5227512	1	263	0.45629317	1
SApS_9	SApS	0.2359696142854837	132	0.56442946	1	229	0.8025669	1
BALB_2	BALB	0.0174083786738921	73	0.0014953949	12	320	0.0022355043	19
AASA_6	AASA	0.0249008163576714	132	0.31552115	1	320	0.2477881	1
BpAp_8	BpAp	0.5651343234346113	132	0.35009217	2	262	0.58949775	1
pBAL_1	pBAL	0.0110795007087729	171	0.30052233	2	263	0.48928866	1
LABp_2	LABp	0.5515873015873016	132	0.6990537	1	229	0.64080536	1
pABS_2	pABS	0.396003996003996	132	0.4301196	2	229	0.7032765	1
ALAB_10	ALAB	0.9775647171620326	132	0.8751426	1	262	0.7228935	1
SAAS_1	SAAS	0.9291965658902196	132	0.6244964	1	266	0.3644498	2
SpAB_4	SpAB	0.4583342754983183	132	0.59130585	1	262	0.5240298	1
SApL_7	SApL	0.2656410256410256	132	0.6991824	1	229	0.7321631	1
ASAp_6	ASAp	0.9529250713016092	132	0.833748	1	262	0.8027093	1
pASL_4	pASL	0.0177646188008882	132	0.59505635	1	233	0.40143457	1
ABAA_3	ABAA	0.2806267806267806	132	0.32060695	1	320	0.36333892	1
AApB_4	AApB	0.9756838905775076	132	0.8359407	1	229	0.82290566	1
LpAB_5	LpAB	0.1794871794871795	132	0.30522838	2	262	0.52854776	1
ppAA_5	ppAA	0.2601768906559389	204	0.4642895	1	320	0.43750128	1
LApS_8	LApS	0.340108113445067	132	0.62943304	1	229	0.7052653	1
pApp_8	pApp	0.6111111111111112	132	0.46731344	1	229	0.7186989	1
SABp_3	SABp	0.4848484848484848	132	0.8090021	1	229	0.65485454	1
ApAS_9	ApAS	0.8399461522588397	132	0.73213744	1	266	0.35094437	2
AALA_3	AALA	0.1787234042553191	132	0.28828415	1	320	0.196753	1
pBAS_8	pBAS	0.1400576609255263	171	0.40542436	1	266	0.4581334	2
LBAp_8	LBAp	0.2177394585582028	132	0.42045456	1	262	0.6571299	1
SAAL_8	SAAL	0.6881284543403348	132	0.55595744	1	263	0.46262097	1
ASAp_1	ASAp	0.9529250713016092	132	0.935559	1	262	0.89135426	1
ABAA_4	ABAA	0.2806267806267806	132	0.3000581	1	320	0.3064481	1
pASL_3	pASL	0.0177646188008882	132	0.73425114	1	233	0.43817464	1
LAAS_7	LAAS	0.4669848498117173	132	0.36447874	1	266	0.40677753	2
pAAp_7	pAAp	0.9529860228716646	171	0.89699286	1	262	0.8542676	1
AApB_3	AApB	0.9756838905775076	132	0.9129853	1	229	0.8988083	1
BABB_8	BABB	0.9493712566856818	132	0.7497989	1	229	0.6761599	1
ppAA_2	ppAA	0.2601768906559389	204	0.54872906	1	320	0.40846148	1
LpAB_2	LpAB	0.1794871794871795	132	0.2832088	2	262	0.5694378	1
SpAB_10	SpAB	0.4583342754983183	132	0.65947783	1	262	0.57668513	1
AALA_4	AALA	0.1787234042553191	132	0.34857148	1	320	0.34974605	1
SABp_4	SABp	0.4848484848484848	132	0.761167	1	229	0.7432829	1
ASAB_3	ASAB	0.9461034231609614	132	0.797141	1	262	0.771639	1
ABAS_6	ABAS	0.6186868686868687	132	0.70139647	1	266	0.51609504	2
AABL_5	AABL	0.992063492063492	132	0.9182418	1	229	0.8514274	1
BAAL_6	BAAL	0.5098474801061008	132	0.38416576	1	263	0.5464886	1
AAAp_9	AAAp	0.9867391612369322	132	0.91757315	1	262	0.86240256	1
BLAB_10	BLAB	0.6559474412171508	132	0.4261775	1	262	0.6774381	1
AALS_6	AALS	0.672514619883041	132	0.49247104	1	230	0.48689514	1
SABB_6	SABB	0.7693972502067989	132	0.64474183	1	229	0.7539362	1
pAAB_5	pAAB	0.9798373362237548	171	0.94494677	1	262	0.86197233	1
LAAA_5	LAAA	0.0249056603773585	132	0.159976	2	320	0.3323296	1
AApp_1	AApp	0.9476016110492474	132	0.9094676	1	229	0.89249915	1
ABAS_10	ABAS	0.6186868686868687	132	0.7392058	1	266	0.46391773	2
ASAB_4	ASAB	0.9461034231609614	132	0.85697377	1	262	0.7991435	1
BApL_9	BApL	0.4728067575577949	132	0.7550852	1	229	0.8466139	1
AABL_2	AABL	0.992063492063492	132	0.9537269	1	229	0.90873086	1
ABAS_1	ABAS	0.6186868686868687	132	0.6022045	1	266	0.47237206	2
BAAL_1	BAAL	0.5098474801061008	132	0.41692883	1	263	0.52979267	1
pSAp_8	pSAp	0.7349397590361446	132	0.32110718	1	262	0.67780167	1
SABB_1	SABB	0.7693972502067989	132	0.5668734	1	229	0.7701377	1
AALS_1	AALS	0.672514619883041	132	0.5211892	1	230	0.4338931	1
AApp_6	AApp	0.9476016110492474	132	0.93616533	1	229	0.9192812	1
LAAA_2	LAAA	0.0249056603773585	132	0.07622267	3	320	0.3874219	1
pAAB_2	pAAB	0.9798373362237548	171	0.9440576	1	262	0.87113553	1
ppAS_7	ppAS	0.0132890365448504	171	0.2816156	2	266	0.41968364	2
LpAp_7	LpAp	0.120754716981132	132	0.26012126	2	262	0.59167016	1
BApS_7	BApS	0.2006578947368421	132	0.5505994	1	229	0.7964176	1
ppAB_10	ppAB	0.8115021997665693	171	0.45563084	1	262	0.64834875	1
SpAp_6	SpAp	0.1824324324324324	132	0.5562423	1	262	0.656022	1
AASS_4	AASS	0.8973049641568853	132	0.8389343	1	233	0.502536	1
AALL_8	AALL	0.8693784016041248	132	0.5267255	1	230	0.5403244	1
ALAp_7	ALAp	0.9598972228959496	132	0.792616	1	262	0.76299334	1
BBAp_7	BBAp	0.5898098387763538	132	0.60848284	1	262	0.61656916	1
SpAp_1	SpAp	0.1824324324324324	132	0.44327903	1	262	0.66689295	1
BLAL_8	BLAL	0.0355871886120996	132	0.29894185	1	263	0.48434705	1
ABAL_8	ABAL	0.6635362967377066	132	0.5115551	1	263	0.6000952	1
BAAS_8	BAAS	0.2976878612716763	132	0.46848816	1	266	0.3825424	2
LABB_7	LABB	0.7466952483029654	132	0.47915182	1	229	0.7588258	1
pABA_7	pABA	0.2184590594413942	171	0.40759888	1	320	0.27275237	1
AASS_3	AASS	0.8973049641568853	132	0.69124377	1	233	0.528778	1
BpBp_7	BpBp	0.010462397224108	73	0.00281541	22	320	0.030853596	6
AApA_9	AApA	0.3262471655328798	132	0.3819509	1	320	0.22287714	1
ppAB_8	ppAB	0.8115021997665693	171	0.55612934	1	262	0.6325427	1
LpAA_8	LpAA	0.1621263136414652	204	0.5263537	1	320	0.48323503	1
AAAA_1	AAAA	0.3661971830985915	132	0.419802	1	320	0.2940026	1
pApS_5	pApS	0.4032638098385537	132	0.64183724	1	229	0.68449706	1
LApp_5	LApp	0.5117079889807162	132	0.4899571	1	229	0.8149191	1
ApAL_10	ApAL	0.4638274336283186	132	0.6121882	1	263	0.6334461	1
ApAp_4	ApAp	0.9787644787644788	132	0.8749884	1	262	0.81593215	1
LLAp_10	LLAp	0.1045353119943972	132	0.38473353	1	262	0.69862264	1
LSAB_7	LSAB	0.3205555389331498	132	0.43163162	1	262	0.49692097	1
pBAp_2	pBAp	0.8306623333378129	171	0.5323007	1	262	0.6821372	1
LABL_1	LABL	0.649771374342162	132	0.55057883	1	229	0.758911	1
SLAp_2	SLAp	0.2142857142857143	132	0.54804564	1	262	0.5235719	1
LASL_9	LASL	0.0527156549520766	132	0.6591642	1	233	0.462689	1
ALAp_10	ALAp	0.9598972228959496	132	0.8571693	1	262	0.7988759	1
LApp_2	LApp	0.5117079889807162	132	0.63570774	1	229	0.67951787	1
pApS_2	pApS	0.4032638098385537	132	0.5463654	1	229	0.67759037	1
AAAA_6	AAAA	0.3661971830985915	132	0.37518674	1	320	0.2872954	1
ApAp_3	ApAp	0.9787644787644788	132	0.8361389	1	262	0.77210724	1
AALB_9	AALB	0.8576857708879986	132	0.4892376	1	230	0.54402995	1
SABS_9	SABS	0.3073852295409182	132	0.56403	1	229	0.7193289	1
SLAp_5	SLAp	0.2142857142857143	132	0.59558004	1	262	0.59186393	1
LABL_6	LABL	0.649771374342162	132	0.5855788	1	229	0.77808726	1
pBAp_5	pBAp	0.8306623333378129	171	0.5789198	1	262	0.6687992	1
ABAB_9	ABAB	0.9908850977149204	132	0.86401576	1	262	0.7446331	1
BLAB_9	BLAB	0.6559474412171508	132	0.40965945	1	262	0.70244455	1
BAAB_7	BAAB	0.9804554101902264	132	0.6944393	1	262	0.7514927	1
SApp_3	SApp	0.3746320118358033	132	0.7264813	1	229	0.7898792	1
LABS_8	LABS	0.2714285714285714	132	0.4527522	1	229	0.80746764	1
pABp_8	pABp	0.714364798237573	132	0.69397736	1	229	0.7602314	1
7pcx2_5	7pcx2	0.0526315789473684	73	0.0032206506	9	320	0.013024084	6
ASAL_2	ASAL	0.3054740650330858	132	0.47167173	1	263	0.59693766	1
AABB_4	AABB	0.99124095092326	132	0.9064358	1	229	0.86286056	1
ABSA_3	ABSA	0.0153088153918188	132	0.3327383	1	320	0.2273148	2
pAAL_4	pAAL	0.7434094903339192	171	0.7824807	1	263	0.5968257	1
SSAB_1	SSAB	0.595902256771822	132	0.41198882	1	262	0.53431815	1
BBBB_48	BBBB	0.0192592592592593	73	0.0017783291	21	320	0.061995067	4
SABL_7	SABL	0.5570015756478595	132	0.78904235	1	229	0.7643243	1
pLAS_4	pLAS	0.072234762979684	171	0.35994893	1	266	0.35744938	2
LLAp_4	LLAp	0.1045353119943972	132	0.3675323	1	262	0.70412093	1
SApp_4	SApp	0.3746320118358033	132	0.6708187	1	229	0.791345	1
7pcx2_2	7pcx2	0.0526315789473684	73	0.0021512914	22	320	0.03590216	5
SpAp_10	SpAp	0.1824324324324324	132	0.6981217	1	262	0.66401523	1
ASAL_5	ASAL	0.3054740650330858	132	0.5051624	1	263	0.67106605	1
BApB_8	BApB	0.8670700551297567	132	0.54347974	1	229	0.79626215	1
AABB_3	AABB	0.99124095092326	132	0.8445612	1	229	0.86209345	1
SpAA_9	SpAA	0.0315457413249211	204	0.34210172	1	320	0.32393867	1
pAAL_3	pAAL	0.7434094903339192	171	0.70508826	1	263	0.4289907	1
ABSA_4	ABSA	0.0153088153918188	132	0.32264283	1	320	0.22787705	2
SASL_8	SASL	0.0811969439728352	132	0.67979133	1	233	0.5827206	1
SSAB_6	SSAB	0.595902256771822	132	0.5612265	1	262	0.6954885	1
LLAp_3	LLAp	0.1045353119943972	132	0.35724086	1	262	0.6829502	1
pLAS_3	pLAS	0.072234762979684	171	0.3610813	1	266	0.5187419	2
pABS_3	pABS	0.396003996003996	132	0.54775274	1	229	0.6789764	1
LABp_3	LABp	0.5515873015873016	132	0.5693217	1	229	0.7493775	1
AASA_7	AASA	0.0249008163576714	132	0.25494757	1	320	0.15107508	1
BALB_3	BALB	0.0174083786738921	73	0.00075746106	83	320	0.03224514	5
BpAp_9	BpAp	0.5651343234346113	132	0.3487197	2	262	0.59995157	1
SApS_8	SApS	0.2359696142854837	132	0.5120438	1	229	0.7517754	1
SpAB_5	SpAB	0.4583342754983183	132	0.5891241	1	262	0.6235631	1
AApS_10	AApS	0.9670579670579672	132	0.89891213	1	229	0.921892	1
ALAB_3	ALAB	0.9775647171620326	132	0.8063038	1	262	0.76477057	1
BBAB_3	BBAB	0.8260030472320975	132	0.56398356	1	262	0.5691633	1
ApAL_6	ApAL	0.4638274336283186	132	0.4854893	1	263	0.595718	1
LApL_7	LApL	0.4585635359116022	132	0.65404886	1	229	0.71709925	1
BALB_4	BALB	0.0174083786738921	73	0.0007980334	68	320	0.024246588	7
LABp_4	LABp	0.5515873015873016	132	0.5780394	1	229	0.7893391	1
LApS_10	LApS	0.340108113445067	132	0.43559223	1	229	0.8068538	1
pABS_4	pABS	0.396003996003996	132	0.43232328	2	229	0.69497484	1
pBAL_7	pBAL	0.0110795007087729	171	0.28432265	3	263	0.5082502	1
AABA_8	AABA	0.013331470916897	132	0.36291867	1	320	0.19383289	2
pAAS_10	pAAS	0.9374096869146374	171	0.77941763	1	266	0.4517436	2
SpAB_2	SpAB	0.4583342754983183	132	0.68305516	1	262	0.5993458	1
SAAS_7	SAAS	0.9291965658902196	132	0.5323179	1	266	0.38624442	2
BBAB_4	BBAB	0.8260030472320975	132	0.56093186	1	262	0.6017747	1
ALAB_4	ALAB	0.9775647171620326	132	0.8699729	1	262	0.74309415	1
LAAL_8	LAAL	0.3418803418803419	132	0.3402877	1	263	0.53617287	1
ApAL_1	ApAL	0.4638274336283186	132	0.5079557	1	263	0.51790494	1
pLAp_8	pLAp	0.6229508196721312	171	0.41533536	1	262	0.72544825	1
SBAp_8	SBAp	0.3675048355899419	132	0.5409941	1	262	0.71890336	1
LpAB_3	LpAB	0.1794871794871795	132	0.24312112	2	262	0.53681153	1
ppAA_3	ppAA	0.2601768906559389	204	0.47501484	1	320	0.43844652	1
BABB_9	BABB	0.9493712566856818	132	0.6380522	1	229	0.6621939	1
AApB_2	AApB	0.9756838905775076	132	0.9024426	1	229	0.87300193	1
pAAp_6	pAAp	0.9529860228716646	171	0.9344112	1	262	0.8963566	1
LAAS_6	LAAS	0.4669848498117173	132	0.39782724	1	266	0.36757678	2
SABp_5	SABp	0.4848484848484848	132	0.8194286	1	229	0.65678203	1
AALA_5	AALA	0.1787234042553191	132	0.2643113	1	320	0.19389015	1
LSAB_10	LSAB	0.3205555389331498	132	0.38066918	1	262	0.63572884	1
LBAp_9	LBAp	0.2177394585582028	132	0.42466345	1	262	0.5834328	1
pBAS_9	pBAS	0.1400576609255263	171	0.3948005	1	266	0.46565923	2
SApL_1	SApL	0.2656410256410256	132	0.8019662	1	229	0.80987704	1
BABB_10	BABB	0.9493712566856818	132	0.64280593	1	229	0.6857161	1
pASL_2	pASL	0.0177646188008882	132	0.5550503	1	233	0.5200942	1
ABAA_5	ABAA	0.2806267806267806	132	0.29149362	1	320	0.38909233	1
SAAL_9	SAAL	0.6881284543403348	132	0.45845443	1	263	0.5206448	1
ppAA_4	ppAA	0.2601768906559389	204	0.46782717	1	320	0.45251328	1
LpAB_4	LpAB	0.1794871794871795	132	0.23354025	2	262	0.5904337	1
ASAB_10	ASAB	0.9461034231609614	132	0.7114719	1	262	0.65115654	1
LAAS_1	LAAS	0.4669848498117173	132	0.37082514	1	266	0.2869839	2
pAAp_1	pAAp	0.9529860228716646	171	0.90827143	1	262	0.8734185	1
AApB_5	AApB	0.9756838905775076	132	0.90863144	1	229	0.890347	1
ApAS_8	ApAS	0.8399461522588397	132	0.7257835	1	266	0.46304876	2
AALA_2	AALA	0.1787234042553191	132	0.3714525	1	320	0.26754183	1
SABp_2	SABp	0.4848484848484848	132	0.77727634	1	229	0.76238215	1
pApp_9	pApp	0.6111111111111112	132	0.56224126	1	229	0.7305881	1
LApS_9	LApS	0.340108113445067	132	0.5827986	1	229	0.71810395	1
SApL_6	SApL	0.2656410256410256	132	0.8329147	1	229	0.76131785	1
ABAA_2	ABAA	0.2806267806267806	132	0.29360223	1	320	0.2676877	1
pASL_5	pASL	0.0177646188008882	132	0.53733385	1	233	0.43236464	1
ASAp_7	ASAp	0.9529250713016092	132	0.85098207	1	262	0.8266169	1
LLAB_7	LLAB	0.1889908256880733	132	0.38047194	1	262	0.5922104	1
SSAp_2	SSAp	0.1666666666666666	132	0.63182384	1	262	0.7282073	1
SABL_10	SABL	0.5570015756478595	132	0.80887187	1	229	0.79004526	1
BABL_8	BABL	0.7510104587447637	132	0.78084695	1	229	0.7874421	1
AApL_3	AApL	0.9083469721767594	132	0.95347464	1	229	0.92469054	1
AABp_7	AABp	0.9916346353523836	132	0.9398801	1	229	0.899938	1
SAAB_8	SAAB	0.9771742589669178	132	0.6220342	1	262	0.6403208	1
BpAA_1	BpAA	0.10239651416122	204	0.4735411	1	320	0.45930257	1
BAAp_4	BAAp	0.9641666666666666	132	0.5402254	1	262	0.70299023	1
BASL_7	BASL	0.16661070832765	132	0.61003065	1	233	0.5291538	1
SSAp_5	SSAp	0.1666666666666666	132	0.43911734	1	262	0.64090943	1
BASL_10	BASL	0.16661070832765	132	0.74169886	1	233	0.52532405	1
BSAB_9	BSAB	0.718051662256687	132	0.42766228	1	262	0.57309073	1
AApL_4	AApL	0.9083469721767594	132	0.9544328	1	229	0.9402277	1
AASp_8	AASp	0.9002051060614239	132	0.822021	1	233	0.508927	1
BpAA_6	BpAA	0.10239651416122	204	0.4048969	1	320	0.431135	1
BAAp_3	BAAp	0.9641666666666666	132	0.4945013	1	262	0.71111363	1
SApB_7	SApB	0.5073244886677722	132	0.6080821	1	229	0.7375509	1
ASAA_8	ASAA	0.0901298701298701	132	0.33571082	1	320	0.36394382	1
SLAB_1	SLAB	0.2681335213985354	132	0.5208705	1	262	0.6538891	1
pBAB_1	pBAB	0.8768785425101214	171	0.5265571	1	262	0.61801517	1
LSAp_4	LSAp	0.2062937062937062	132	0.35561895	1	262	0.70159286	1
LABp_10	LABp	0.5515873015873016	132	0.50064695	1	229	0.7941456	1
pSAS_4	pSAS	0.2051264890911524	73	0.0006232938	30	320	0.018182566	3
ApAB_7	ApAB	0.9479921623340652	132	0.7691112	1	262	0.7161942	1
pApA_6	pApA	0.2936427850655903	171	0.40192157	1	320	0.32981393	1
LApB_6	LApB	0.666060606060606	132	0.49001256	1	229	0.78377545	1
AAAS_2	AAAS	0.9815028901734104	132	0.7636569	1	266	0.4652759	2
BSAp_10	BSAp	0.6853254102999434	132	0.48907146	1	262	0.69542015	1
BABS_1	BABS	0.4637096774193548	132	0.67856836	1	229	0.6802156	1
ALAL_2	ALAL	0.6147757255936676	132	0.54299915	1	263	0.6291275	1
AABp_10	AABp	0.9916346353523836	132	0.93872356	1	229	0.89706784	1
pBAB_6	pBAB	0.8768785425101214	171	0.47654194	1	262	0.5759813	1
SLAB_6	SLAB	0.2681335213985354	132	0.5448276	1	262	0.59698796	1
pSAS_3	pSAS	0.2051264890911524	73	0.00064898015	28	320	0.015729636	3
LSAp_3	LSAp	0.2062937062937062	132	0.3235035	1	262	0.49496084	1
BBBB_39	BBBB	0.0192592592592593	73	0.0018880109	25	320	0.02815419	8
AAAS_5	AAAS	0.9815028901734104	132	0.81799257	1	266	0.50566655	2
LApB_1	LApB	0.666060606060606	132	0.4692045	1	229	0.80126894	1
pApA_1	pApA	0.2936427850655903	171	0.31416646	1	320	0.3174863	1
ALAL_5	ALAL	0.6147757255936676	132	0.5513552	1	263	0.6699518	1
BABS_6	BABS	0.4637096774193548	132	0.505304	1	229	0.7168817	1
pAAA_9	pAAA	0.7579365079365079	171	0.46633816	1	320	0.40350646	1
LAAB_9	LAAB	0.947892498066512	132	0.5355935	1	262	0.62669027	1
BAAp_9	BAAp	0.9641666666666666	132	0.7369907	1	262	0.78217435	1
AASp_2	AASp	0.9002051060614239	132	0.84842366	1	233	0.55346113	1
pABB_6	pABB	0.7381174277726001	132	0.4658022	2	229	0.6900899	1
SAAB_5	SAAB	0.9771742589669178	132	0.7136866	1	262	0.76507705	1
BApp_1	BApp	0.7782659959474917	132	0.6741955	1	229	0.7111751	1
AAAS_10	AAAS	0.9815028901734104	132	0.7347781	1	266	0.37109423	2
BSAB_3	BSAB	0.718051662256687	132	0.41612858	1	262	0.6603491	1
BABL_5	BABL	0.7510104587447637	132	0.7728963	1	229	0.784701	1
ALAS_6	ALAS	0.8410869810045799	132	0.6919716	1	266	0.41845632	2
AAAL_6	AAAL	0.9151668773364172	132	0.5048295	1	263	0.5526502	1
LAAS_10	LAAS	0.4669848498117173	132	0.37828478	1	266	0.3915763	2
pABB_1	pABB	0.7381174277726001	132	0.4621128	2	229	0.6662968	1
AASp_5	AASp	0.9002051060614239	132	0.8221033	1	233	0.5387389	1
BApp_6	BApp	0.7782659959474917	132	0.73433036	1	229	0.7029699	1
pApS_10	pApS	0.4032638098385537	132	0.43879586	1	229	0.7054645	1
SAAB_2	SAAB	0.9771742589669178	132	0.7006279	1	262	0.6805049	1
AApL_9	AApL	0.9083469721767594	132	0.9587674	1	229	0.93494225	1
BSAB_4	BSAB	0.718051662256687	132	0.45155144	1	262	0.6260601	1
ALAS_1	ALAS	0.8410869810045799	132	0.63342774	1	266	0.47642273	2
BABL_2	BABL	0.7510104587447637	132	0.76887435	1	229	0.75236595	1
AAAL_1	AAAL	0.9151668773364172	132	0.6728537	1	263	0.68110543	1
SSAp_8	SSAp	0.1666666666666666	132	0.479457	1	262	0.6742768	1
ASBB_7	ASBB	0.0556338028169014	132	0.43082538	1	248	0.10787642	3
pAAA_3	pAAA	0.7579365079365079	171	0.4726348	1	320	0.401542	1
LAAB_3	LAAB	0.947892498066512	132	0.5267679	1	262	0.69329697	1
AApS_7	AApS	0.9670579670579672	132	0.88695395	1	229	0.907218	1
pSAB_10	pSAB	0.8266818700114025	132	0.47127637	2	262	0.656152	1
ppAp_6	ppAp	0.7487849691797059	171	0.4649442	1	262	0.6419945	1
pSAS_9	pSAS	0.2051264890911524	73	0.00065929786	27	320	0.014286119	4
LSAp_9	LSAp	0.2062937062937062	132	0.38068375	1	262	0.4998722	1
BBBB_33	BBBB	0.0192592592592593	73	0.0019158773	23	320	0.043307163	4
ASAA_5	ASAA	0.0901298701298701	132	0.2891037	1	320	0.3602871	1
LAAB_4	LAAB	0.947892498066512	132	0.5619866	1	262	0.6466175	1
pAAA_4	pAAA	0.7579365079365079	171	0.40811104	1	320	0.35332954	1
ppAp_1	ppAp	0.7487849691797059	171	0.5062021	1	262	0.63035935	1
ALAL_8	ALAL	0.6147757255936676	132	0.5579594	1	263	0.65116477	1
AAAS_8	AAAS	0.9815028901734104	132	0.78940475	1	266	0.4097216	2
AALp_7	AALp	0.7802197802197802	132	0.4757279	1	230	0.4838125	1
BBBB_34	BBBB	0.0192592592592593	73	0.002013921	16	320	0.022912618	8
SABB_10	SABB	0.7693972502067989	132	0.73074055	1	229	0.6575098	1
ASAA_2	ASAA	0.0901298701298701	132	0.31935462	1	320	0.34277377	1
BLAp_7	BLAp	0.1023017902813299	132	0.43098918	1	262	0.60194176	1
ABAp_7	ABAp	0.9666821611770254	132	0.87369424	1	262	0.80285186	1
SBAp_2	SBAp	0.3675048355899419	132	0.4328381	1	262	0.6493414	1
pLAp_2	pLAp	0.6229508196721312	171	0.42334428	1	262	0.70246875	1
SASL_10	SASL	0.0811969439728352	132	0.7130274	1	233	0.6623571	1
LAAL_2	LAAL	0.3418803418803419	132	0.35243165	1	263	0.47422606	1
SpAB_8	SpAB	0.4583342754983183	132	0.5274353	1	262	0.6705375	1
AABA_2	AABA	0.013331470916897	132	0.3316993	1	320	0.2489849	2
SApS_5	SApS	0.2359696142854837	132	0.6394719	1	229	0.8237256	1
ASAL_10	ASAL	0.3054740650330858	132	0.48478335	1	263	0.5213544	1
BpAp_4	BpAp	0.5651343234346113	132	0.3416145	2	262	0.60433	1
pLAp_5	pLAp	0.6229508196721312	171	0.43684897	1	262	0.69502634	1
SBAp_5	SBAp	0.3675048355899419	132	0.65181506	1	262	0.662282	1
LAAL_5	LAAL	0.3418803418803419	132	0.42951083	1	263	0.44533658	1
BABL_10	BABL	0.7510104587447637	132	0.7451874	1	229	0.760732	1
BBAB_9	BBAB	0.8260030472320975	132	0.52499855	1	262	0.63767046	1
ALAB_9	ALAB	0.9775647171620326	132	0.8424546	1	262	0.75761926	1
AABA_5	AABA	0.013331470916897	132	0.3526689	1	320	0.18896782	2
SApS_2	SApS	0.2359696142854837	132	0.5659325	1	229	0.70564497	1
BALB_9	BALB	0.0174083786738921	73	0.00083964225	52	320	0.015877448	7
BpAp_3	BpAp	0.5651343234346113	132	0.3856004	1	262	0.5644744	1
pABS_9	pABS	0.396003996003996	132	0.47951669	1	229	0.7315923	1
LABp_9	LABp	0.5515873015873016	132	0.5474218	1	229	0.7999745	1
SAAL_4	SAAL	0.6881284543403348	132	0.49173278	1	263	0.5539701	1
pABp_10	pABp	0.714364798237573	132	0.6952517	1	229	0.732803	1
ABAA_8	ABAA	0.2806267806267806	132	0.29690176	1	320	0.32765788	1
pSAB_1	pSAB	0.8266818700114025	132	0.39982677	2	262	0.6996244	1
BBBB_21	BBBB	0.0192592592592593	73	0.0018014926	25	320	0.045286637	4
pABL_7	pABL	0.6073781291172595	132	0.77795726	1	229	0.66382146	1
pBAS_4	pBAS	0.1400576609255263	171	0.4941786	1	266	0.44412702	2
LBAp_4	LBAp	0.2177394585582028	132	0.3949347	1	262	0.61993253	1
AAAB_7	AAAB	0.9896055996190072	132	0.7911484	1	262	0.7404152	1
pApp_3	pApp	0.6111111111111112	132	0.48988718	1	229	0.70159113	1
LApS_3	LApS	0.340108113445067	132	0.49833116	1	229	0.83803654	1
SABp_8	SABp	0.4848484848484848	132	0.74456006	1	229	0.72712666	1
ApAS_2	ApAS	0.8399461522588397	132	0.79447937	1	266	0.47650385	2
AALA_8	AALA	0.1787234042553191	132	0.32065254	1	320	0.2778656	1
BABB_4	BABB	0.9493712566856818	132	0.6519904	1	229	0.66978437	1
SAAL_3	SAAL	0.6881284543403348	132	0.43320388	1	263	0.59527504	1
AASp_10	AASp	0.9002051060614239	132	0.85438424	1	233	0.4754966	2
pASL_8	pASL	0.0177646188008882	132	0.7200395	1	233	0.46526772	1
pSAB_6	pSAB	0.8266818700114025	132	0.42892918	2	262	0.66274536	1
BBBB_26	BBBB	0.0192592592592593	73	0.0024751022	12	320	0.01182968	9
LBAp_3	LBAp	0.2177394585582028	132	0.35570118	1	262	0.5834438	1
pBAS_3	pBAS	0.1400576609255263	171	0.42751518	1	266	0.4440612	2
LApS_4	LApS	0.340108113445067	132	0.5577571	1	229	0.8562554	1
pApp_4	pApp	0.6111111111111112	132	0.56357133	1	229	0.63450676	1
ApAS_5	ApAS	0.8399461522588397	132	0.624867	1	266	0.39352056	2
SSAp_10	SSAp	0.1666666666666666	132	0.5102169	1	262	0.70882714	1
AApB_8	AApB	0.9756838905775076	132	0.91053313	1	229	0.89491796	1
BABB_3	BABB	0.9493712566856818	132	0.56397235	1	229	0.7331977	1
LpAB_9	LpAB	0.1794871794871795	132	0.25724033	2	262	0.57502073	1
ppAA_9	ppAA	0.2601768906559389	204	0.4450693	1	320	0.3864488	1
LASL_4	LASL	0.0527156549520766	132	0.46485668	1	233	0.47514063	1
BLAB_3	BLAB	0.6559474412171508	132	0.43878168	1	262	0.6212791	1
ABAB_3	ABAB	0.9908850977149204	132	0.75202423	1	262	0.6981224	1
ASAS_6	ASAS	0.8760930025586828	132	0.4874689	1	266	0.38327283	2
SABS_3	SABS	0.3073852295409182	132	0.6554996	1	229	0.66692436	1
ApAp_9	ApAp	0.9787644787644788	132	0.91377175	1	262	0.8728976	1
AALB_3	AALB	0.8576857708879986	132	0.5100982	1	230	0.51139176	1
LApp_8	LApp	0.5117079889807162	132	0.5065703	1	229	0.8181752	1
pApS_8	pApS	0.4032638098385537	132	0.5184108	1	229	0.72088563	1
LpAA_5	LpAA	0.1621263136414652	204	0.41195387	1	320	0.4383232	1
ppAB_5	ppAB	0.8115021997665693	171	0.54875785	1	262	0.58867294	1
AApA_4	AApA	0.3262471655328798	132	0.42238283	1	320	0.2821899	1
ABAB_4	ABAB	0.9908850977149204	132	0.8280718	1	262	0.7426728	1
BLAB_4	BLAB	0.6559474412171508	132	0.44849437	1	262	0.67953604	1
LASL_3	LASL	0.0527156549520766	132	0.502137	1	233	0.51382595	1
ASAS_1	ASAS	0.8760930025586828	132	0.47133297	1	266	0.421599	2
SLAp_8	SLAp	0.2142857142857143	132	0.43381697	1	262	0.63302666	1
pBAp_8	pBAp	0.8306623333378129	171	0.5366721	1	262	0.6499268	1
BBBB_7	BBBB	0.0192592592592593	73	0.0020953207	14	320	0.008943227	13
AALB_4	AALB	0.8576857708879986	132	0.50047964	1	230	0.5083042	1
SABS_4	SABS	0.3073852295409182	132	0.59684575	1	229	0.74781036	1
SLAB_10	SLAB	0.2681335213985354	132	0.60982794	1	262	0.571533	1
pBAS_10	pBAS	0.1400576609255263	171	0.3983756	1	266	0.46762633	2
ppAB_2	ppAB	0.8115021997665693	171	0.37666163	2	262	0.5590822	1
LpAA_2	LpAA	0.1621263136414652	204	0.5007461	1	320	0.37245566	1
LAAp_7	LAAp	0.8893891210964382	132	0.40613422	1	262	0.6428837	1
pAAS_7	pAAS	0.9374096869146374	171	0.8801079	1	266	0.45254058	2
AApA_3	AApA	0.3262471655328798	132	0.463322	1	320	0.26419133	1
LLAp_9	LLAp	0.1045353119943972	132	0.3492915	1	262	0.6276569	1
pLAS_9	pLAS	0.072234762979684	171	0.37143564	1	266	0.440087	2
BALB_10	BALB	0.0174083786738921	73	0.00084641605	71	320	0.022647481	7
BBBB_45	BBBB	0.0192592592592593	73	0.0018793956	23	320	0.031488955	7
pApL_1	pApL	0.3862374667827873	132	0.68904024	1	229	0.7376218	1
BBBB_10	BBBB	0.0192592592592593	73	0.0018486191	24	320	0.053726804	4
SASL_2	SASL	0.0811969439728352	132	0.66270244	1	233	0.62769955	1
pAAL_9	pAAL	0.7434094903339192	171	0.65984803	1	263	0.618676	1
SpAA_3	SpAA	0.0315457413249211	204	0.36186332	1	320	0.34437114	1
AABB_9	AABB	0.99124095092326	132	0.87038374	1	229	0.8243483	1
BApB_2	BApB	0.8670700551297567	132	0.51372856	1	229	0.77063	1
SAAp_6	SAAp	0.9588645591561576	132	0.65839356	1	262	0.78765917	1
pABp_5	pABp	0.714364798237573	132	0.6214586	1	229	0.67903626	1
LABS_5	LABS	0.2714285714285714	132	0.5610641	1	229	0.6486625	1
AASB_1	AASB	0.7726396917148363	132	0.6418026	1	233	0.5586794	1
7pcx2_8	7pcx2	0.0526315789473684	73	0.0021475935	20	320	0.04254921	3
LpAB_10	LpAB	0.1794871794871795	132	0.24854127	2	262	0.57512474	1
pApL_6	pApL	0.3862374667827873	132	0.6543832	1	229	0.7089208	1
BBBB_42	BBBB	0.0192592592592593	73	0.0019232712	16	320	0.04723768	5
BBBB_17	BBBB	0.0192592592592593	73	0.0018401165	26	320	0.040842414	4
SASL_5	SASL	0.0811969439728352	132	0.8149744	1	233	0.51687706	1
ABSA_9	ABSA	0.0153088153918188	132	0.32860273	1	320	0.27689064	2
BSAp_7	BSAp	0.6853254102999434	132	0.4138251	1	262	0.6593887	1
SpAA_4	SpAA	0.0315457413249211	204	0.39770848	1	320	0.40280595	1
ApAB_10	ApAB	0.9479921623340652	132	0.8645506	1	262	0.8165822	1
SAAp_1	SAAp	0.9588645591561576	132	0.76330584	1	262	0.8088897	1
BApB_5	BApB	0.8670700551297567	132	0.6156589	1	229	0.7804514	1
ASAL_8	ASAL	0.3054740650330858	132	0.40148625	1	263	0.57948744	1
AASB_6	AASB	0.7726396917148363	132	0.72332203	1	233	0.49535975	1
LABS_2	LABS	0.2714285714285714	132	0.39974266	1	229	0.78567106	1
pABp_2	pABp	0.714364798237573	132	0.6891475	1	229	0.73637164	1
SApp_9	SApp	0.3746320118358033	132	0.6678488	1	229	0.6901433	1
BABp_7	BABp	0.867669915487485	132	0.672014	1	229	0.6808385	1
pALA_7	pALA	0.3724610679872442	171	0.36742693	1	320	0.41238818	1
LAAA_8	LAAA	0.0249056603773585	132	0.1963013	1	320	0.37472573	1
pAAB_8	pAAB	0.9798373362237548	171	0.833467	1	262	0.7294108	1
pLAp_10	pLAp	0.6229508196721312	171	0.47207898	1	262	0.7060973	1
ApAA_1	ApAA	0.5425925925925925	132	0.4007779	1	320	0.38815868	1
AAAp_4	AAAp	0.9867391612369322	132	0.89528483	1	262	0.9008056	1
pBAA_7	pBAA	0.0122581201659973	171	0.13546184	3	320	0.34740645	1
LBAB_7	LBAB	0.3506475445458497	132	0.4222127	1	262	0.67426306	1
pSAp_2	pSAp	0.7349397590361446	132	0.49006	2	262	0.6151566	1
AABL_8	AABL	0.992063492063492	132	0.95156366	1	229	0.8534969	1
BApL_3	BApL	0.4728067575577949	132	0.8506428	1	229	0.7490717	1
ApAA_6	ApAA	0.5425925925925925	132	0.3731184	1	320	0.3743139	1
AAAp_3	AAAp	0.9867391612369322	132	0.8763794	1	262	0.90488416	1
pApB_7	pApB	0.8519515477792732	132	0.4793991	1	229	0.68876386	1
AASL_7	AASL	0.9258278085550812	132	0.8989832	1	233	0.6533603	1
pSAp_5	pSAp	0.7349397590361446	132	0.38114294	2	262	0.627438	1
BApL_4	BApL	0.4728067575577949	132	0.716894	1	229	0.813745	1
ASAB_9	ASAB	0.9461034231609614	132	0.8652976	1	262	0.7367854	1
AASS_9	AASS	0.8973049641568853	132	0.7562448	1	233	0.56803536	1
BpAB_7	BpAB	0.6950989437186395	132	0.41577372	2	262	0.5751743	1
BAAS_2	BAAS	0.2976878612716763	132	0.51648414	1	266	0.39273947	2
BpAp_10	BpAp	0.5651343234346113	132	0.34159026	1	262	0.5693275	1
AABS_1	AABS	0.9723137466122306	132	0.8599855	1	229	0.8409449	1
ABAL_2	ABAL	0.6635362967377066	132	0.5376253	1	263	0.6400615	1
BLAL_2	BLAL	0.0355871886120996	132	0.31640977	1	263	0.4584291	1
AALL_2	AALL	0.8693784016041248	132	0.60900533	1	230	0.57435465	1
pLAB_1	pLAB	0.818980774127833	171	0.53370845	1	262	0.61561936	1
SBAB_1	SBAB	0.6826221132229716	132	0.6307863	1	262	0.68226194	1
BAAS_5	BAAS	0.2976878612716763	132	0.41804084	1	266	0.35715777	2
BLAL_5	BLAL	0.0355871886120996	132	0.32073072	1	263	0.41310024	1
BLAL_10	BLAL	0.0355871886120996	132	0.30433306	1	263	0.48747855	1
ABAL_5	ABAL	0.6635362967377066	132	0.42570123	1	263	0.55390483	1
AABS_6	AABS	0.9723137466122306	132	0.83637655	1	229	0.784712	1
AALp_10	AALp	0.7802197802197802	132	0.48500222	1	230	0.3830883	1
SBAB_6	SBAB	0.6826221132229716	132	0.56235266	1	262	0.7043123	1
pLAB_6	pLAB	0.818980774127833	171	0.39044055	1	262	0.7420182	1
AALL_5	AALL	0.8693784016041248	132	0.6124063	1	230	0.5779935	1
BBBB_50	BBBB	0.0192592592592593	73	0.002131105	16	320	0.05751766	4
AABA_4	AABA	0.013331470916897	132	0.34814423	1	320	0.18372908	2
LABp_8	LABp	0.5515873015873016	132	0.5544016	1	229	0.8152261	1
pABS_8	pABS	0.396003996003996	132	0.44663048	2	229	0.7069601	1
BALB_8	BALB	0.0174083786738921	73	0.0014745088	15	320	0.0027806803	15
BpAp_2	BpAp	0.5651343234346113	132	0.39708665	1	262	0.6138178	1
SApS_3	SApS	0.2359696142854837	132	0.533639	1	229	0.72070044	1
SBAp_4	SBAp	0.3675048355899419	132	0.50700426	1	262	0.7206131	1
pLAp_4	pLAp	0.6229508196721312	171	0.45115453	1	262	0.7242568	1
ALAB_8	ALAB	0.9775647171620326	132	0.8786963	1	262	0.7386406	1
BBAB_8	BBAB	0.8260030472320975	132	0.6131795	1	262	0.5581272	1
LAAL_4	LAAL	0.3418803418803419	132	0.32651445	1	263	0.5030314	1
AABA_3	AABA	0.013331470916897	132	0.37646723	1	320	0.20862031	2
SpAB_9	SpAB	0.4583342754983183	132	0.56514084	1	262	0.65777165	1
pBAA_10	pBAA	0.0122581201659973	171	0.17468373	2	320	0.41042715	1
BpAp_5	BpAp	0.5651343234346113	132	0.33225295	2	262	0.60533494	1
SLAp_10	SLAp	0.2142857142857143	132	0.46433702	1	262	0.7237731	1
SApS_4	SApS	0.2359696142854837	132	0.63683814	1	229	0.8168745	1
pLAp_3	pLAp	0.6229508196721312	171	0.4954825	1	262	0.6629329	1
SBAp_3	SBAp	0.3675048355899419	132	0.5700307	1	262	0.7268952	1
LAAL_3	LAAL	0.3418803418803419	132	0.33924538	1	263	0.5181078	1
LpAp_10	LpAp	0.120754716981132	132	0.2832272	2	262	0.6193375	1
ApAS_4	ApAS	0.8399461522588397	132	0.6109663	1	266	0.3271393	2
AAAB_1	AAAB	0.9896055996190072	132	0.9415733	1	262	0.8562042	1
ALAL_10	ALAL	0.6147757255936676	132	0.524065	1	263	0.648775	1
pApp_5	pApp	0.6111111111111112	132	0.6059939	1	229	0.6710704	1
LApS_5	LApS	0.340108113445067	132	0.45629984	1	229	0.8487191	1
ppAA_8	ppAA	0.2601768906559389	204	0.46322042	1	320	0.49680096	1
LpAB_8	LpAB	0.1794871794871795	132	0.26753527	2	262	0.5327488	1
BABB_2	BABB	0.9493712566856818	132	0.7684857	1	229	0.67509127	1
AApB_9	AApB	0.9756838905775076	132	0.8683111	1	229	0.84635943	1
pASL_9	pASL	0.0177646188008882	132	0.56809807	1	233	0.50550395	1
SAAL_2	SAAL	0.6881284543403348	132	0.45869106	1	263	0.59740174	1
pBAS_2	pBAS	0.1400576609255263	171	0.4223776	1	266	0.44928226	2
LBAp_2	LBAp	0.2177394585582028	132	0.4080964	1	262	0.61001414	1
pABL_1	pABL	0.6073781291172595	132	0.6930886	1	229	0.7176518	1
BBBB_27	BBBB	0.0192592592592593	73	0.0018857669	27	320	0.04660756	4
pSAB_7	pSAB	0.8266818700114025	132	0.43361965	2	262	0.5529338	1
ApAS_3	ApAS	0.8399461522588397	132	0.7002758	1	266	0.44457483	2
AALA_9	AALA	0.1787234042553191	132	0.31090313	1	320	0.28548157	1
SABp_9	SABp	0.4848484848484848	132	0.71244824	1	229	0.6588018	1
LApS_2	LApS	0.340108113445067	132	0.4429384	1	229	0.82439005	1
pApp_2	pApp	0.6111111111111112	132	0.561869	1	229	0.7109445	1
AAAB_6	AAAB	0.9896055996190072	132	0.91286147	1	262	0.8869959	1
BABB_5	BABB	0.9493712566856818	132	0.54447895	1	229	0.761773	1
ApAp_10	ApAp	0.9787644787644788	132	0.84286726	1	262	0.8174035	1
ABAA_9	ABAA	0.2806267806267806	132	0.33574104	1	320	0.32964686	1
SAAL_5	SAAL	0.6881284543403348	132	0.48004246	1	263	0.56660235	1
pABL_6	pABL	0.6073781291172595	132	0.66830194	1	229	0.7224816	1
LBAp_5	LBAp	0.2177394585582028	132	0.47329164	1	262	0.577068	1
pBAS_5	pBAS	0.1400576609255263	171	0.33604556	2	266	0.5072357	2
BBBB_20	BBBB	0.0192592592592593	73	0.0019515345	19	320	0.045980386	4
BABL_3	BABL	0.7510104587447637	132	0.8182969	1	229	0.64706004	1
BSAB_5	BSAB	0.718051662256687	132	0.42959562	1	262	0.66534954	1
AApL_8	AApL	0.9083469721767594	132	0.9479952	1	229	0.942671	1
ASBB_6	ASBB	0.0556338028169014	132	0.47374544	1	248	0.081146404	3
SSAp_9	SSAp	0.1666666666666666	132	0.6183768	1	262	0.6291119	1
AASp_4	AASp	0.9002051060614239	132	0.78638625	1	233	0.5003483	1
pLAB_10	pLAB	0.818980774127833	171	0.5016117	1	262	0.6550752	1
SAAB_3	SAAB	0.9771742589669178	132	0.58297384	1	262	0.6337491	1
BApp_7	BApp	0.7782659959474917	132	0.6333185	1	229	0.8013789	1
ALAS_7	ALAS	0.8410869810045799	132	0.55010253	1	266	0.38018972	2
BABL_4	BABL	0.7510104587447637	132	0.7328318	1	229	0.7585544	1
BSAB_2	BSAB	0.718051662256687	132	0.42751637	1	262	0.51680905	1
ASBB_1	ASBB	0.0556338028169014	132	0.48098388	1	248	0.27042168	3
AAAL_7	AAAL	0.9151668773364172	132	0.66532266	1	263	0.6473585	1
pABB_7	pABB	0.7381174277726001	132	0.56536394	1	229	0.5911831	1
AASp_3	AASp	0.9002051060614239	132	0.71435183	1	233	0.48839474	1
BAAp_8	BAAp	0.9641666666666666	132	0.5706066	1	262	0.7499305	1
SAAB_4	SAAB	0.9771742589669178	132	0.5789142	1	262	0.73321915	1
BBBB_35	BBBB	0.0192592592592593	73	0.0019568491	23	320	0.027522314	8
ABAp_6	ABAp	0.9666821611770254	132	0.8674259	1	262	0.80714357	1
BLAp_6	BLAp	0.1023017902813299	132	0.4942116	1	262	0.6015282	1
ASAA_3	ASAA	0.0901298701298701	132	0.34138548	1	320	0.3778636	1
ALAL_9	ALAL	0.6147757255936676	132	0.576678	1	263	0.4976534	1
pAAA_5	pAAA	0.7579365079365079	171	0.5998132	1	320	0.34031385	1
LAAB_5	LAAB	0.947892498066512	132	0.4005367	1	262	0.6272629	1
AApS_1	AApS	0.9670579670579672	132	0.82272923	1	229	0.8664935	1
BpAB_10	BpAB	0.6950989437186395	132	0.39589217	1	262	0.5477438	1
AALp_6	AALp	0.7802197802197802	132	0.4561777	1	230	0.48971787	1
AAAS_9	AAAS	0.9815028901734104	132	0.67185515	1	266	0.41604066	2
BBBB_32	BBBB	0.0192592592592593	73	0.0019598475	26	320	0.034522153	6
LSAp_8	LSAp	0.2062937062937062	132	0.40067142	1	262	0.565744	1
pSAS_8	pSAS	0.2051264890911524	73	0.00060294627	59	320	0.015800277	5
AALB_10	AALB	0.8576857708879986	132	0.504136	1	230	0.53275865	1
BLAp_1	BLAp	0.1023017902813299	132	0.39840692	1	262	0.7072608	1
ABAp_1	ABAp	0.9666821611770254	132	0.7622207	1	262	0.7606789	1
ASAA_4	ASAA	0.0901298701298701	132	0.34063038	1	320	0.37450853	1
ppAp_7	ppAp	0.7487849691797059	171	0.30448276	2	262	0.6172107	1
AApS_6	AApS	0.9670579670579672	132	0.89657307	1	229	0.9174814	1
LAAB_2	LAAB	0.947892498066512	132	0.52793247	1	262	0.639858	1
pAAA_2	pAAA	0.7579365079365079	171	0.6376	1	320	0.40611	1
AALp_1	AALp	0.7802197802197802	132	0.541762	1	230	0.40438896	1
pSAp_4	pSAp	0.7349397590361446	132	0.48533154	1	262	0.6136164	1
AABL_10	AABL	0.992063492063492	132	0.954003	1	229	0.9262754	1
AASL_6	AASL	0.9258278085550812	132	0.9025771	1	233	0.6756592	1
pBAA_1	pBAA	0.0122581201659973	171	0.1524531	2	320	0.3510678	1
LBAB_1	LBAB	0.3506475445458497	132	0.43741006	1	262	0.6525756	1
ASAB_8	ASAB	0.9461034231609614	132	0.8459942	1	262	0.80306053	1
BApL_5	BApL	0.4728067575577949	132	0.7530397	1	229	0.80001295	1
BABp_1	BABp	0.867669915487485	132	0.6697783	1	229	0.6781432	1
AAAA_10	AAAA	0.3661971830985915	132	0.3983654	1	320	0.32454443	1
pALA_1	pALA	0.3724610679872442	171	0.48289973	1	320	0.31382397	1
pApB_6	pApB	0.8519515477792732	132	0.49368387	2	229	0.72413653	1
AAAp_2	AAAp	0.9867391612369322	132	0.85682946	1	262	0.8259885	1
ApAA_7	ApAA	0.5425925925925925	132	0.31017858	1	320	0.29067963	1
pSAp_3	pSAp	0.7349397590361446	132	0.42951155	2	262	0.6613807	1
LBAB_6	LBAB	0.3506475445458497	132	0.4504493	1	262	0.59691185	1
pBAA_6	pBAA	0.0122581201659973	171	0.19142509	1	320	0.3248156	1
pASL_10	pASL	0.0177646188008882	132	0.5456898	1	233	0.51342636	1
AASL_1	AASL	0.9258278085550812	132	0.9322411	1	233	0.6642005	1
BApL_2	BApL	0.4728067575577949	132	0.69997424	1	229	0.7917943	1
LABL_10	LABL	0.649771374342162	132	0.57239074	1	229	0.80094004	1
AABL_9	AABL	0.992063492063492	132	0.95424426	1	229	0.859618	1
pAAB_9	pAAB	0.9798373362237548	171	0.9702837	1	262	0.8954446	1
LAAA_9	LAAA	0.0249056603773585	132	0.06809664	3	320	0.33604634	1
pALA_6	pALA	0.3724610679872442	171	0.46533695	1	320	0.3298909	1
pApA_10	pApA	0.2936427850655903	171	0.4102831	1	320	0.27630144	1
BABp_6	BABp	0.867669915487485	132	0.66597474	1	229	0.71042246	1
AAAp_5	AAAp	0.9867391612369322	132	0.91442263	1	262	0.9132172	1
pApB_1	pApB	0.8519515477792732	132	0.4502998	1	229	0.6768605	1
LAAA_10	LAAA	0.0249056603773585	132	0.11900742	2	320	0.37821805	1
pLAB_7	pLAB	0.818980774127833	171	0.457022	1	262	0.69639933	1
AALL_4	AALL	0.8693784016041248	132	0.6340667	1	230	0.5814164	1
SBAB_7	SBAB	0.6826221132229716	132	0.5566267	1	262	0.67306894	1
BAAS_4	BAAS	0.2976878612716763	132	0.49219006	1	266	0.39124328	2
BpAB_1	BpAB	0.6950989437186395	132	0.49420434	1	262	0.5765853	1
pSAp_10	pSAp	0.7349397590361446	132	0.37721688	2	262	0.66400284	1
ABAL_4	ABAL	0.6635362967377066	132	0.38258436	1	263	0.5211159	1
AABS_7	AABS	0.9723137466122306	132	0.8703101	1	229	0.8763776	1
BLAL_4	BLAL	0.0355871886120996	132	0.23870067	2	263	0.15321203	1
SABp_10	SABp	0.4848484848484848	132	0.7766681	1	229	0.7484111	1
AALL_3	AALL	0.8693784016041248	132	0.6398811	1	230	0.54383194	1
BAAS_3	BAAS	0.2976878612716763	132	0.37160745	1	266	0.31116763	2
AASS_8	AASS	0.8973049641568853	132	0.68934786	1	233	0.5556465	1
BpAB_6	BpAB	0.6950989437186395	132	0.34773222	2	262	0.5810052	1
BLAL_3	BLAL	0.0355871886120996	132	0.33571395	1	263	0.3134088	1
ABAL_3	ABAL	0.6635362967377066	132	0.5295814	1	263	0.65350664	1
SABS_5	SABS	0.3073852295409182	132	0.5225807	1	229	0.66235083	1
AALB_5	AALB	0.8576857708879986	132	0.5376752	1	230	0.41616026	1
SApS_10	SApS	0.2359696142854837	132	0.6718565	1	229	0.8391596	1
AApA_2	AApA	0.3262471655328798	132	0.41468105	1	320	0.2710165	1
pAAS_6	pAAS	0.9374096869146374	171	0.8843713	1	266	0.38041818	2
LAAp_6	LAAp	0.8893891210964382	132	0.4586342	1	262	0.7311455	1
LpAA_3	LpAA	0.1621263136414652	204	0.5140641	1	320	0.47894216	1
ppAB_3	ppAB	0.8115021997665693	171	0.36559162	2	262	0.57692283	1
BLAB_5	BLAB	0.6559474412171508	132	0.4430557	1	262	0.6639689	1
LASL_2	LASL	0.0527156549520766	132	0.43481126	1	233	0.54848534	1
ABAB_5	ABAB	0.9908850977149204	132	0.8821942	1	262	0.704785	1
BBBB_6	BBBB	0.0192592592592593	73	0.001894402	18	320	0.041180607	5
pBAp_9	pBAp	0.8306623333378129	171	0.4978816	1	262	0.6272081	1
SLAp_9	SLAp	0.2142857142857143	132	0.4632736	1	262	0.7414716	1
pApS_9	pApS	0.4032638098385537	132	0.45405984	1	229	0.7088992	1
LApp_9	LApp	0.5117079889807162	132	0.5406605	1	229	0.7219121	1
ApAp_8	ApAp	0.9787644787644788	132	0.9109925	1	262	0.8532162	1
AALB_2	AALB	0.8576857708879986	132	0.48260993	1	230	0.47446984	1
BAAS_10	BAAS	0.2976878612716763	132	0.47174597	1	266	0.346608	2
SABS_2	SABS	0.3073852295409182	132	0.51203245	1	229	0.7121579	1
LAAp_1	LAAp	0.8893891210964382	132	0.46095863	1	262	0.7150494	1
pAAS_1	pAAS	0.9374096869146374	171	0.8394788	1	266	0.45590457	2
AApA_5	AApA	0.3262471655328798	132	0.39407012	1	320	0.22752297	1
ppAB_4	ppAB	0.8115021997665693	171	0.42849058	1	262	0.6307321	1
LpAA_4	LpAA	0.1621263136414652	204	0.4475305	1	320	0.44353348	1
ASAS_7	ASAS	0.8760930025586828	132	0.7153089	1	266	0.39094922	2
ABAB_2	ABAB	0.9908850977149204	132	0.7649566	1	262	0.6923331	1
LASL_5	LASL	0.0527156549520766	132	0.70024365	1	233	0.4868501	1
BLAB_2	BLAB	0.6559474412171508	132	0.48441094	1	262	0.5663749	1
BBBB_1	BBBB	0.0192592592592593	73	0.0024296362	10	320	0.015603456	8
ASAL_9	ASAL	0.3054740650330858	132	0.46829063	1	263	0.6625644	1
BApB_4	BApB	0.8670700551297567	132	0.50066906	1	229	0.7842493	1
SpAA_5	SpAA	0.0315457413249211	204	0.39587885	1	320	0.3767837	1
SApp_8	SApp	0.3746320118358033	132	0.6855767	1	229	0.7989305	1
pABp_3	pABp	0.714364798237573	132	0.578622	1	229	0.688156	1
LABS_3	LABS	0.2714285714285714	132	0.41560453	1	229	0.79959273	1
AASB_7	AASB	0.7726396917148363	132	0.5920641	1	233	0.55146635	1
BBBB_16	BBBB	0.0192592592592593	73	0.0019293018	13	320	0.032146852	7
pApL_7	pApL	0.3862374667827873	132	0.6941084	1	229	0.7649518	1
BBBB_43	BBBB	0.0192592592592593	73	0.0021073285	13	320	0.012177857	9
ABSA_8	ABSA	0.0153088153918188	132	0.3327944	1	320	0.23527673	2
BSAp_6	BSAp	0.6853254102999434	132	0.46436137	1	262	0.6211519	1
pABB_10	pABB	0.7381174277726001	132	0.59856355	1	229	0.6047393	1
SASL_4	SASL	0.0811969439728352	132	0.7712283	1	233	0.50503916	1
SAAp_7	SAAp	0.9588645591561576	132	0.69998467	1	262	0.73875964	1
BApB_3	BApB	0.8670700551297567	132	0.54305726	1	229	0.8102086	1
AABB_8	AABB	0.99124095092326	132	0.8507571	1	229	0.8274008	1
SpAA_2	SpAA	0.0315457413249211	204	0.28006425	1	320	0.44266528	1
SSAB_10	SSAB	0.595902256771822	132	0.46662244	1	262	0.7251552	1
7pcx2_9	7pcx2	0.0526315789473684	73	0.0022581818	26	320	0.031170785	5
LABS_4	LABS	0.2714285714285714	132	0.4751772	1	229	0.8204821	1
pABp_4	pABp	0.714364798237573	132	0.6539232	1	229	0.65636	1
BBBB_11	BBBB	0.0192592592592593	73	0.002604516	10	320	0.023720244	8
BBBB_44	BBBB	0.0192592592592593	73	0.0018480478	25	320	0.03458623	7
pLAS_8	pLAS	0.072234762979684	171	0.36169204	1	266	0.48543447	2
LLAp_8	LLAp	0.1045353119943972	132	0.34781396	1	262	0.71201265	1
pAAL_8	pAAL	0.7434094903339192	171	0.6447712	1	263	0.5706161	1
BSAp_1	BSAp	0.6853254102999434	132	0.442679	1	262	0.6657423	1
AASB_10	AASB	0.7726396917148363	132	0.65389836	1	233	0.5312727	1
SASL_3	SASL	0.0811969439728352	132	0.5076094	1	233	0.45797864	2
